"id","name","river","lat","lon"
27222,"р. Дністер, 936 км, м. Заліщики, в/з, прав. берег, 50 м нижче мосту через річку по дорозі Чернівці - Тернопіль","Дністер",48.63404,25.76609
27223,"р. Дністер, 900 км, с. Митків, правий берег, 200 м вище станціҝ першого підйому в/з м. Чернівці","Дністер",48.61134,26.0233
27224,"р. Дністер, 826 км, м. Хотин, в/з, лівий берег, 600 м вище мосту дороги Чернівці-Камян.-Под.","Дністер",48.54735,26.48316
27226,"р. Дністер, 708 км, с. Кормань, Дністровське вдсх., пр. берег, безпосередньо в районі насосноҝ станціҝ водозабору","Дністер",48.57879,27.17489
27227,"р. Дністер, 675 км, Дністровське вдсх, в/б'әф, пр. берег, 500 м вище греблі ГЕС - 1","Дністер",48.59569,27.44543
27228,"р. Дністер, 674 км, Дністровське вдсх, н/б'әф, пр. берег, 500 м нижче греблі ГЕС - 1","Дністер",48.58978,27.45564
27229,"р. Дністер, 658 км, с. Наславча, кордон з Молдовою, н/б'ф Нижньодністровськоҝ ГЕС","Дністер",48.491594,27.578839
27230,"р. Дністер, 631 км, м. Могилів – Подільський, (міст), Вінницька обл., митний перехід з Республікою Молдова","Дністер",48.444328,27.790794
27231,"р. Дністер, 550 км, с. Цикинівка, Ямпільський р-н, Вінницькоҝ обл. кордон з Молдовою, лівий берег, після скиду з очисних споруд м. Сороки (Молдова)","Дністер",48.16225,28.3099
27303,"р. Сірет, 418 км, с. Черепківці, міст, прикордонна зона з Румуніәю","Дунай",48.01423,25.96489
27304,"р. Сірет, 448 км, м. Сторожинець, в/з","Дунай",48.15054,25.71462
27307,"р. Прут, 790 км, смт. Неполоківці,, кордон Ів.-Франківськоҝ і Чернівецькоҝ обл.","Дунай",48.37221,25.64033
27308,"р. Прут, 772 км, с.Ленківці, в/з м. Чернівці, лівий берег, 500 м вище мосту по дорозі на Чернівці","Дунай",48.3213,25.89839
27309,"р. Прут, 759 км, с. Магала, лівий берег, 3 км нижче мосту по дорозі Чернівці-Хотин, 600 м нище скиду стічних вод м. Чернівці","Дунай",48.26013,26.62998
27310,"р. Прут, 712 км, с. Тарасівці, (міст) – Орофтяни, прикордонна зона з Румуніәю","Дунай",48.18574,26.33287
27311,"р. Прут, 697 км, с. Костичани, кордон з Румуніәю та Молдовою, 200 м нижче впадіння в р. Прут р. Черлена","Дунай",48.21773,26.4982
27312,"р. Прут, 678 км, с. Мамалига, прикордонна зона з Румуніәю та Республікою Молдова.","Дунай",48.26013,26.62998
26960,"р. Уж, 172 км, м. Коростень, питний в/з","Дніпро",50.940514,28.626456
26957,"р. Уборть, 120 км, с. Рудня Хочинська, кордон з Білоруссю","Дніпро",51.437225,27.897381
26952,"р. Случ, 155 км, с. Устя, кордон Рівненськоҝ і Житомирськоҝ обл-й","Дніпро",50.800106,27.201139
26956,"р. Льва, 100 км, с. Переброди, кордон з Білоруссю","Дніпро",51.727239,26.981306
26953,"р. Случ, 4 км, с.Колки","Дніпро",51.597286,26.640075
26955,"р. Ствига, 95 км, с. Познань, кордон з Білоруссю","Дніпро",51.602792,27.478933
26954,"р. Хомора, 52 км, м. Полонне, питний в/з міста","Дніпро",50.082869,27.488553
26951,"р. Случ, 203 км, м. Новоград-Волинський, питний в/з","Дніпро",50.574561,27.650556
26950,"р. Случ, 406 км, с.Чернелівка, Красилівського р-ну, питний в/з м. Хмельницький","Дніпро",49.673178,26.825783
26949,"р. Устя, 24 км, м. Рівне, 2 км нижче міста, вплив ВУЖКГ","Дніпро",50.651267,26.246128
26945,"р. Горинь, 478 км, м. Славута, зона впливу ХАЕС","Дніпро",50.282019,26.846494
26946,"р. Горинь, 67 км, с. Висоцьк, кордон з Білоруссю","Дніпро",51.707414,26.660258
26942,"р. Горинь, 602 км, смт. Ланівці, 602 км, техн.в/з селища","Дніпро",49.895,26.097
26941,"р. Горинь, 639 км, м. Вишнівець, техн.в/з міста","Дніпро",49.893,25.737
26939,"р. Стир, 48 км, смт. Зарічне, кордон з Білоруссю","Дніпро",51.829736,26.149092
26940,"р. Іква, 85 км, м.Кременець, техн в/з ","Дніпро",50.169,25.719
26936,"р. Стир, 152 км, с.Сопачів, нижче  РАЕС","Дніпро",51.388872,25.879917
26937,"р. Стир, 152 км, зливові стічні води РАЕС","Дніпро",51.315753,25.873481
26935,"р. Стир, 183 км, м. Вараш (Кузнәцовськ), водозабір РАЕС","Дніпро",51.312822,25.883014
26934,"р. Стир, 308 км, м.Луцьк, питний в/з міста","Дніпро",50.734794,25.364917
26931,"р. Турія, 125 км, м.Ковель, питний в/з міста","Дніпро",51.200556,24.6921
26932,"р. Стохід, 19 км, м. Любешів, північно-східна околиця","Дніпро",51.768164,25.524961
26933,"р. Стир, 411 км, с. Вербень, кордон  Рівненськоҝ і Волинськоҝ обл.","Дніпро",50.386908,25.206097
26925,"р. Прип'ять, 570 км, с. Сенчиці, кордон з Білоруссю","Дніпро",51.882947,25.860703
26926,"р. Прип'ять, 60 км, с. Довляди, кордон з Білоруссю","Дніпро",51.475711,29.946869
26929,"р. Прип'ять, 26 км, м.Чорнобиль","Дніпро",51.274722,30.243544
26930,"р. Вижівка, 0,5 км, с. Якушів","Дніпро",51.685069,24.592669
26853,"р. Дніпро, 1116 км, с. Кам'янка, нижче села, Ріпкинського р-ну (кордон з Білоруссю)","Дніпро",51.911397,30.821614
26889,"р. Дніпро, 922 км, с.Козаровичі, Киҝвське водосховище","Дніпро",50.759458,30.381558
26921,"р. Дніпро, 897 км, м.Вишгород, н/б Киҝвськоҝ ГЕС, питний водозабір м.Киҝв","Дніпро",50.560714,30.491367
26922,"р. Сож, 32 км, с. Ст. Яриловичі, Ріпкинського р-ну  (кордон з Білоруссю)","Дніпро",52.046428,30.945367
26923,"р. Прип'ять, 702 км, м. Ратне","Дніпро",51.673031,24.533364
26924,"р. Прип'ять, 616 км, с. Люб'язь","Дніпро",51.848625,25.472956
26961,"р. Уж, 15 км, с.Черевач, техн в/з м.Чорнобиль","Дніпро",51.253706,30.222619
26963,"р. Тетерів, 259 км, м.Житомир, питний в/з міста","Дніпро",50.220117,28.551319
26964,"р. Тетерів, 175 км, м. Радомишль, 1 км нижче міста вплив ВУЖКГ","Дніпро",50.502678,29.252831
26965,"р. Тетерів, 10 км, с. Оране, вплив зворотних та с/г вод м. Іванкова","Дніпро",51.022,30.078
26966,"р. Гнилоп'ять, 59 км, м. Бердичів, питний в/з міста","Дніпро",49.881761,28.574325
26967,"р. Ірша, 93 км, смт. Нова Борова, Іршанське вдсх. в/бәф, питний в/з селища","Дніпро",50.697422,28.613625
26968,"р. Ірша, 31 км, м. Малин, питний в/з міста","Дніпро",50.764089,29.222356
26969,"р. Возня, 8 км, с. Рудня Городищенська, питний в/забір м. Малин","Дніпро",50.7092,29.286833
26970,"р. Здвиж, 21 км, с. Феневичі","Дніпро",50.818594,30.101083
26971,"р. Ірпінь, 28 км, смт. Гостомель, вплив вод р. Буча","Дніпро",50.5516,30.285117
26972,"р. Ірпінь, 0,1 км, с.Козаровичі, гирло","Дніпро",50.743942,30.366742
26973,"р. Кізка, 5 км, с.Демидів, вплив зворотних вод ""Агромарс""","Дніпро",50.733508,30.318292
26974,"р. Дніпро, 870 км, м.Киҝв, гідропарк, техн в/з ТЕЦ-4","Дніпро",50.442847,30.568525
26975,"р. Дніпро, 867 км, м. Киҝв, Південний Ковш, техн в/з ТЕЦ-5","Дніпро",50.393947,30.575969
26976,"р. Дніпро, 855,5 км, водосховище, 500 м вище БСА","Дніпро",50.322792,30.628642
26977,"р. Дніпро, 855 км, Скидний канал БСА","Дніпро",50.325722,30.647628
26978,"р. Дніпро, 854,5 км, водосховище, 500 м нижче БСА","Дніпро",50.3168,30.633358
26979,"р. Дніпро, 833 км, м. Украҝнка, нижче міста, вище в/з водоводу Біла Церква-Умань","Дніпро",50.119808,30.801622
26980,"р. Дніпро, 795 км, м. Переяслав-Хмельницький, вище гирла р.Трубіж","Дніпро",50.028,31.397
26981,"р. Дніпро, 739 км, м. Канів, н/б Канівськоҝ ГЕС, 2 км нижче греблі","Дніпро",49.761,31.471
26982,"р. Десна, 573 км, с. Мурав?ҝ, Новгород-Сіверського р-ну","Дніпро",52.346925,33.397872
26983,"р. Десна, 569 км, с. Камінь, Новгород-Сіверського р-ну (кордон з РФ) створ злиття р. Судость з  р. Десна","Дніпро",52.286669,33.367956
26984,"р. Десна, 390 км, с. Спаське, Сосницького р-ну нижче Смоленськоҝ АЕС","Дніпро",51.550158,32.626108
26985,"р. Десна, 350 км, смт. Макошино, Менського р-ну технічний в/з смт. Макошино","Дніпро",51.452544,32.348008
26986,"р. Десна, 200 км, м. Чернігів, технічний в/з міста","Дніпро",51.394244,31.2712
26987,"р. Десна, 55 км, с. Крехаҝв, Козелецького р-ну (кордон Чернігівськоҝ і Киҝвськоҝ обл.)","Дніпро",50.843503,30.785319
26988,"р. Десна, 3 км, м.Киҝв, Деснянський питний в/з міста","Дніпро",50.551,30.569
26989,"р. Бобрик, 13 км, смт. Середина-Буда, 13 км, , а/д міст,  кордон з Росіәю","Дніпро",52.195619,34.055256
26990,"р. Бобрик, 9 км, смт. Середина-Буда, нижче очисних споруд, а/д міст","Дніпро",52.191983,34.0113
26991,"р. Судость, 3 км, с. Грем'яч, Н.-Сіверського р-ну (кордон з РФ)","Дніпро",52.339517,33.304907
26992,"р. Знобовка, 17 км, с. Зноб-Трубчевськ, а/д міст, кордон з Росіәю","Дніпро",52.30395,33.567492
26993,"р. Знобовка, 7 км, с. Нововасилівка, кордон з Росіәю, вихід МК осуш. сист., скиди стіч. вод","Дніпро",52.335631,33.443617
26994,"руч. Знаменка, 5 км, смт. Білі Березки, нижче міста, кордон з РФ","Дніпро",52.355,33.5
26995,"р. Івотка, 41 км, м. Ямпіль, вище міста,гідротехн.спор.","Дніпро",51.970461,33.806425
26996,"р. Івотка, 20 км, с. Івот, а/д міст","Дніпро",51.969356,33.523531
26997,"р. Шостка, 25 км, с. Гамаліҝвка, 25 км, с.Гамаліҝвка,вище техн.в/з м.Шостка ","Дніпро",51.846289,33.5698
26998,"р. Сейм, 230 км, с. Пески, Путивльського р-ну, паром кордон з Росіәю","Дніпро",51.234058,34.099636
26999,"р. Сейм, 182 км, с.Чумакове, вище техн. в/з м.Путівль, а/д міст","Дніпро",51.234197,33.908364
27000,"р. Сейм, 66 км, с. Мельня, авто/дор. міст, кордон Сумськоҝ і Чернігівськоҝ обл.","Дніпро",51.332522,33.080416
27002,"р. Сейм, 42 км, м. Батурин, Бахмацького р-ну","Дніпро",51.339597,32.908183
27003,"р. Клевень, 72 км, с.Заруцьке, кордон з Росіәю","Дніпро",51.654039,34.029519
27004,"р. Әзуч, 30 км, с. В'язове, тех.в/з м.Конотоп, а/д міст","Дніпро",51.2165,33.391064
27005,"р. Әзуч, 9 км, с. Сарнавщіна, нижче м.Конотоп","Дніпро",51.277286,33.208944
27006,"р. Снов, 182 км, с. Тимоновичі, Семенівського р-ну (кордон з РФ)","Дніпро",52.286597,32.427942
27007,"р. Снов, 155 км, с. Блешня, Семенівського р-ну (кордон з РФ)","Дніпро",52.111275,32.298444
27008,"р. Снов, 120 км, с. Гірськ, Щорського р-ну створ, злиття р. Цата з р. Снов (кордон з РФ)","Дніпро",52.019847,31.860439
27009,"р. Ірпа, 2 км, с. Городок, Семенівського р-ну (кордон з РФ)","Дніпро",52.263597,32.383628
27010,"р. Ревна, 52 км,  с. Леонівка, Семенівського р-ну (кордон з РФ)","Дніпро",52.163386,32.622211
27011,"р. Цата, 7 км, с. Клюси, Щорського р-ну (кордон з РФ)","Дніпро",52.075244,31.94055
27012,"р. Стрижень, 0,1 км, м. Чернігів","Дніпро",51.492489,31.314539
27013,"р. Білоус, 0,5 км, м. Чернігів","Дніпро",51.418389,31.253333
27014,"р. Остер, 30 км, м. Козелець, 1 км нижче міста","Дніпро",50.922108,31.097414
27015,"р. Стугна, 7,5 км, м.Обухів","Дніпро",50.158506,30.665217
27016,"р. Дніпро, 678 км, c. Сокірне, питний в/з м.Черкаси","Дніпро",49.551,31.9
27017,"р. Дніпро, 597 км, с.Святилівка, в/з рибгоспу","Дніпро",49.427931,32.860031
27018,"р. Дніпро, 580 км, с.Власівка, лівий берег, питний в/з м.Кременчук","Дніпро",49.131444,33.244892
27019,"р. Дніпро, 580 км, м.Світловодськ, правий берег, питний в/з міста","Дніпро",49.050889,33.151656
27020,"р. Рось, 278 км, с.Кошів, кордон з Вінницькою обл.","Дніпро",49.495067,29.580639
27021,"р. Рось, 230 км, м.Богуслав, гідропост кордон Киҝвськоҝ і Черкаськоҝ обл.","Дніпро",49.473572,31.032419
27022,"р. Рось, 218 км, с.Глибочиця, с.Глибочиця,  питний в/з м.Біла Церква","Дніпро",49.76005,30.037989
27023,"р. Рось, 118 км, м.Богуслав, питний в/з міста","Дніпро",49.545608,30.867422
27024,"р. Рось, 98 км, с.Москаленки, кордон Киҝвськоҝ і Черкаськоҝ обл.","Дніпро",49.467933,31.033636
27025,"р. Рось, 94 км, с.Виграҝвські Дачі","Дніпро",49.457633,31.047142
27026,"р. Рось, 84 км, м.Стеблів, в/бәф водосховища ГЕС","Дніпро",49.408,31.108
27027,"р. Рось, 64 км,   м.Корсунь-Шевченківський, питний в/з                                               ","Дніпро",49.4,31.236
27028,"р. Рось, 12 км, с. Хмільна, вплив р. Росава","Дніпро",49.6443,31.504739
27029,"р. Роставиця, 71 км, м.Ружин, 2 км нижче міста","Дніпро",49.721258,29.248589
27030,"р. Роставиця, 41 км, с.Строків, кордон Киҝвськоҝ і Житомирськоҝ обл.""","Дніпро",49.846396,29.598214
27031,"р. Сула, 259 км,  м.Ромни, техн в/з міста, а/д міст","Дніпро",50.738686,33.499136
27032,"р. Сула, 221 км, с.Чеберяки, а/д міст","Дніпро",50.580314,33.289442
27033,"р. Сула, 181 км, м.Заводське, техн. в/з Лохвицького цукрозаводу","Дніпро",50.386844,33.38945
27034,"р. Сула, 106 км, м.Лубни, технічний в/з міста","Дніпро",50.007444,33.013775
27035,"р. Удай, 233 км, м. Прилуки, 2 км нижче міста","Дніпро",50.620092,32.438868
27036,"р. Тясмин, 120 км, м.Кам'янка, техн в/з міста","Дніпро",49.037,32.075
27038,"р. Дніпро, 690 км, с. Домантово, Домантівська ЗС, Черкаського р-ну","Дніпро",49.659911,31.910625
27042,"р. Дніпро, 615 км, с. Адамівка, Адамівська ЗС, Чигиринського р-ну","Дніпро",49.063728,32.805047
27043,"р. Дніпро, 594 км, с. Пронозівка, Градижська ЗС, Глобинського р-ну","Дніпро",49.292036,32.987867
27044,"р. Дніпро, 582 км, с. Подорожнә, Придніпровська (Чапаҝвська) ЗС, Світловодського р-ну","Дніпро",49.030183,33.127478
27045,"р. Дніпро, 550 км, м. Горішні Плавні (м.Комсомольськ), питний в/з міста","Дніпро",49.005178,33.585653
27046,"р. Дніпро, 539 км, с. Карпівка, Карпівська ЗС, Кременчуцького р-ну","Дніпро",48.976658,33.784789
27047,"р. Дніпро, 476 км, м. Верхньодніпровськ, питний в/з","Дніпро",48.662494,34.3625
27048,"р. Дніпро, 462 км, смт. Аули, питний в/з м. Дніпро та м. Кам'янське","Дніпро",48.583744,34.482694
27049,"р. Псел, 528 км, Краснопільського району, а/д міст","Дніпро",51.026308,35.229767
27050,"р. Псел, 480 км, с. В.Чернетчина, а/д міст вище техн. в/з м. Суми","Дніпро",50.964675,34.917958
27051,"р. Псел, 444 км, с. Червоне, нижче м.Суми, а/д міст","Дніпро",50.832,34.822
27052,"р. Псел, 405 км, с. Бишкінь, а/д міст","Дніпро",50.636806,34.611825
27053,"р. Псел, 350 км, с. Камінне, а/д міст, кордон Сумськоҝ і Полтавськоҝ обл.","Дніпро",50.454067,34.301658
27054,"р. Псел, 172 км, смт. В. Багачка, техн в/з селища","Дніпро",49.781622,33.7408
27055,"р. Хорол, 280 км, с. Панасовка, вище техн в/з м.Липова Долина, а/д міст","Дніпро",50.617389,33.820475
27056,"р. Хорол, 248 км, с. Лучки, Липоводолинського р-ну, кордон Сумськоҝ і Полтавськоҝ обл.","Дніпро",50.467678,33.735267
27057,"р. Хорол, 102 км, с. Вишняки, техн в/з села","Дніпро",49.7613,33.327444
27058,"р. Ворскла, 348 км, смт. Велика Писарівка, а/д міст","Дніпро",50.438556,35.480478
27059,"р. Ворскла, 273 км, с. Клементове, а/дор. міст, вище техн. в/з м.Охтирка","Дніпро",50.385414,34.925867
27060,"р. Ворскла, 142 км, м.Полтава, техн в/з міста","Дніпро",49.581489,34.589617
27061,"р. Ворскла, 63 км, м. Кобеляки, техн в/з міста","Дніпро",49.260772,34.281719
27062,"р. Ворсклиця, 51 км, с. Пожня, Великописарівського р-ну,  а/д міст","Дніпро",50.504836,35.332994
27063,"канал Дніпро-Донбас, 0,5 км, с. Шульгівка, після ГВК Дніпро-Донбас","Дніпро",48.738889,34.313889
27064,"канал Дніпро-Донбас, 109 км, м. Перещепино, міст, Перещепинський водозабір","Дніпро",49.029874,35.378052
27065,"канал Дніпро-Донбас, 170 км, с.Орілька, Орільське водосховище, шлюзовий попуск","Дніпро",48.980169,36.034678
27066,"канал Дніпро-Донбас, 181 км, р.Орілька, міст, 1,5 км від гирла,","Дніпро",49.034622,36.103749
27067,"канал Дніпро-Донбас, 214 км, м. Харків, Краснопавлівське водосховище, в/з міста","Дніпро",49.13893,36.463015
27068,"канал Дніпро-Донбас, 215 км, верхній б'әф Краснопавлівського водосховища, скид у р. Сіверський Дінець","Дніпро",49.113823,36.500952
27069,"канал Дніпро-Донбас, 216 км, нижній б'әф   Краснопавлівського вдсх.","Дніпро",49.1138,36.5014
27070,"канал Дніпро-Донбас, 256 км, с. Грушеваха","Дніпро",49.1258,36.9035
27071,"р. Дніпро, 420 км, м. Дніпро, правий берег, Кайдакський питний в/з","Дніпро",48.492083,34.950228
27072,"р. Дніпро, 420 км, м. Дніпро, лівий берег, Ломовський питний в/з","Дніпро",48.506717,34.970792
27073,"р. Дніпро, 404 км, м. Дніпро, ВП ""ПдТӘС"" ПАТ ""ДТЕК Дніпроенерго"", питний  в/з","Дніпро",48.411528,35.102308
27074,"р. Дніпро, 372 км, с.Воронове, питний в/з водоводу ДМП ВКП ""Дніпро-Західний Донбас""","Дніпро",48.154706,35.202486
27075,"р. Дніпро, 365 км, с. Войськове, питний в/з Солонянського району","Дніпро",48.174839,35.172567
27076,"р. Дніпро, 328 км, м. Запоріжжя, в/б'әф Дніпровськоҝ ГЕС, питний в/з міста","Дніпро",47.818,35.1
27077,"р. Оріль, 81 км, смт Царичанка ","Дніпро",48.94815,34.494442
27078,"р. Самара, 269 км, с. Нікольське, кордон Донецькоҝ і Харківськоҝ обл.","Дніпро",48.682778,36.778231
27079,"р. Самара, 142 км, с. Вербки","Дніпро",48.578003,35.892231
27080,"р. Самара, 4 км, м. Підгороднә, ГВС-2 магістрального каналу Фрунзенського МУВР","Дніпро",48.559161,35.102467
27081,"р. Бик, 55 км, с. Каменка, кордон Донецькоҝ і Дніпропетровськоҝ  обл.","Дніпро",48.372856,36.852961
27082,"р. Вовча, 310 км, с.Карлівка, Карлівське вдсх, н/б","Дніпро",48.114528,37.488542
27083,"р. Вовча, 193 км, с. Іскра, міст, кордон Донецькоҝ і Дніпропетровськоҝ обл.","Дніпро",48.050892,36.584722
27084,"р. Вовча, 25 км, м. Павлоград","Дніпро",48.524864,35.859575
27085,"р. Дніпро, 357 км, с. Дніпровське, ГНС Жовтневоҝ ЗС, Вільнянського р-ну","Дніпро",48.082,35.069
27086,"р. Дніпро, 337 км, с. Грушевка, ГНС Вільнянськоҝ ЗС","Дніпро",48.029,35.137
27087,"р. Дніпро, 336 км, с. Володимирка, ГНС Шевченківськоҝ ЗС","Дніпро",47.929,35.12
27088,"р. Дніпро, 312 км, м. Запоріжжя, ГНС Запорізькоҝ ЗС","Дніпро",47.783,35.16
27089,"р. Дніпро, 312 км, м. Запоріжжя, 500 м нижче скиду ЦОС-1 КП ""Водоканал"" (лівий берег р.Дніпро)","Дніпро",47.45,35.1
27090,"р. Дніпро, 312 км, м. Запоріжжя, 500 м нижче скиду ЦОС-2 КП ""Водоканал"" (правий берег р.Дніпро)","Дніпро",47.47,35.07
27091,"р. Дніпро, 256 км, м. Енергодар","Дніпро",47.55,34.692
27092,"р. Дніпро, 253 км, м. Енергодар, вплив Запорізькоҝ АЕС","Дніпро",47.509,34.512
27093,"р. Дніпро, 254 км, став-охолоджувач Запорізькоҝ АЕС","Дніпро",47.51,34.554
27094,"р. Дніпро, 245 км, м. Марганець, питний в/з","Дніпро",47.590297,34.474808
27095,"р. Дніпро, 228 км, м. Нікополь, питний в/з","Дніпро",47.548928,34.398683
27096,"р. Дніпро, 201 км, м.Покров, питний в/з ","Дніпро",47.574019,34.116556
27097,"р. Дніпро, 195 км, смт. Нововоронцовка -Ушкалка","Дніпро",47.509092,33.927811
27098,"р. Дніпро, 196 км, с. Мар?янське, ГВС каналу Дніпро-Кривий Ріг","Дніпро",47.564847,33.918789
27099,"канал Дніпро-Кривий Ріг, 43 км, Південне в-ще, питний в/з ","Дніпро",47.781611,33.556506
27100,"р. Дніпро, 106 км, с. Любимівка, ГНС Каховського каналу","Дніпро",46.791117,33.627253
27101,"Каховський магістральний канал, 127 км, с. Ганно-Мусіҝвка, 1 км Приазовськоҝ ЗС","Дніпро",46.559,34.853
27102,"р. Дніпро, 100 км, с.Цукури , НС1 Північно-Кримського каналу, 6 км нижче села","Дніпро",46.702933,33.409616
27103,"р. Дніпро, 92 км, н/б'әф Каховськоҝ ГЕС","Дніпро",46.758861,33.346331
27104,"р. Дніпро, 65 км, с. Іванівка, Білозерського району, у р-ні питного в/з Миколаҝвського водоканаплу","Дніпро",46.74315,33.027935
27105,"Північно-Кримський канал, 62 км, с. Бехтери, 60 км після ГНС Краснознам’янського каналу - 4 км нижче села, Голопристанського району","Дніпро",46.299053,32.312725
27106,"Північно-Кримський канал, 91,5 км, с. Мірне, 91,5 км після ГС ПКК","Дніпро",46.213969,33.425241
27107,"р. Дніпро, 290 км, с.Приморське, ГНС Первомайськоҝ ЗС","Дніпро",47.645,35.271
27108,"р. Дніпро, 276 км, с.Балки, ГНС Північно-Рогачицькоҝ ЗС, Василівського р-ну","Дніпро",47.411,34.952
27109,"р. Дніпро, 220 км, с. В.Тарасівка, ГНС Верхньотарасівськоҝ ЗС, Запорізького р-ну","Дніпро",47.528,34.864
27110,"р. Дніпро, 175 км, с.Золота Балка, Золотобалківська ЗС, 10 км нижче села","Дніпро",47.336044,33.881511
27111,"р. Дніпро, 160 км, смт. Велика Лепетиха, Рубанівська ЗС","Дніпро",47.141456,33.899708
27112,"р. Дніпро, 40 км, м. Херсон, 1 км вище міста","Дніпро",46.670725,32.709063
27113,"р. Дніпро, 15 км, с. Дніпровське, в/з рибзаводу (рукав Кошова)","Дніпро",46.5921,32.475475
27114,"р. Дніпро, 8 км, м. Гола Пристань, (рукав Конка)","Дніпро",46.537294,32.536503
27115,"р. Дніпро, 0 км, с. Кізомис, (рукав Рвач)","Дніпро",46.551472,32.319947
27116,"р. Інгулець, 502 км, с. Диківка, Диківське водосховище","Дніпро",48.770514,32.813242
27117,"р. Інгулець, 483 км, с. Марто-Іванівка","Дніпро",48.633964,33.121696
27118,"р. Інгулець, 393 км, смт. Петрово, Іскрівське вдсх., питний в/з  селища","Дніпро",48.334825,33.262072
27119,"р. Інгулець, 373 км, с. Іскрівка, нижче впадіння р. Жовта","Дніпро",48.163468,33.377875
27120,"р. Інгулець, 335 км, м. Кривий Ріг, Карачунівське в-ще, питний в/з міста","Дніпро",47.907642,33.283538
27121,"р. Інгулець, 348 км, с. Чкаловка, район автомобільного мосту","Дніпро",48.037847,33.2776
27122,"р. Інгулець, 265 км, с. Андріівка","Дніпро",47.603144,33.212303
27123,"р. Інгулець, 210 км, с. Архангельське","Дніпро",47.42715,33.400711
27124,"р. Інгулець, 124 км, с. Калінінське","Дніпро",47.11735,32.972727
27125,"р. Інгулець, 83 км, Інгулецька ЗС, біля мосту через магістральний канал на трасі Снігурівка-Херсон ","Дніпро",47.017603,32.788652
27126,"р. Інгулець, 20 км, с. Дар'ҝвка","Дніпро",46.742717,32.809561
27127,"р. Інгулець, 0 км, с. Садове, гирло р.Інгулець","Дніпро",46.696517,32.827528
27128,"р. Жовта, 24 км, с. Мар'янівка, вище скиду ТОВ ""Восток-Руда""","Дніпро",48.329028,33.534764
27129,"р. Жовта, 22 км, нижче скиду ТОВ ""Восток-Руда""","Дніпро",48.320997,33.524447
27130,"р. Південний Буг, 773 км, смт. Чорний Острів, Мар'янівське вдсх.","Південний Буг",49.508172,26.759347
27131,"р. Південний Буг, 755 км, м. Хмельницький , Хмельницьке вдсх.","Південний Буг",49.431794,26.978928
27132,"р. Південний Буг, 744 км, с. Копистин, нижче м.Хмельницький","Південний Буг",49.396789,27.108108
27133,"р. Південний Буг, 711 км,  смт. Меджибіж, Меджибіжське вдсх.","Південний Буг",49.434092,27.412419
27134,"р. Південний Буг, 692 км, с. Щедрове, Щедрівське вдсх.","Південний Буг",49.412119,27.629853
27135,"р. Південний Буг, 652 км, м. Хмільник, питний в/з, вище міста","Південний Буг",49.556389,27.913056
27136,"р. Південний Буг, 607 км, с. Гущинці, нижче села , питний водозабір м.Калинівка","Південний Буг",49.421111,28.3825
27137,"р. Південний Буг, 582 км, м. Вінниця, Сабарівське вдсх,  питний в/з міста, вище міста","Південний Буг",49.273056,28.471389
27138,"р. Південний Буг, 569,5 км, 500 м нижче скиду ВОКВП ВКГ ""Вінницяводоканал""   (1,5 км нижче греблі Сабарівського вдсх.)","Південний Буг",49.190556,28.443611
27139,"р. Південний Буг, 537 км, смт. Сутиски, Сутиське вдсх., н/б'әф","Південний Буг",49.036667,28.408889
27140,"р. Південний Буг, 413 км, с. Маньківка, вище села, питний в/з м.Ладижин","Південний Буг",48.738889,29.089167
27141,"р. Південний Буг, 400 км, м. Ладижин, Ладижинське вдсх, ","Південний Буг",48.705,29.231111
27142,"р. Південний Буг, 372 км, с. Глибочок, Глибочекське вдсх.","Південний Буг",48.523889,29.391389
27143,"р. Південний Буг, 327 км, с. Ставки, кордон Вінницькоҝ та Кіровоградськоҝ обл.","Південний Буг",48.3725,29.778889
27144,"р. Південний Буг, 316 км, м.Гайворон, Гайворонське вдсх.","Південний Буг",48.328333,29.866944
27145,"р. Південний Буг, 206 км, м. Первомайськ, Первомайське вдсх.","Південний Буг",48.038983,30.837531
27146,"р. Південний Буг, 153 км, с. Олексіівка, питний в/з м. Південно-Украҝнськ","Південний Буг",47.868789,31.119731
27147,"р. Південний Буг, 136 км, с. Олександрівка, Олександрівське вдсх.","Південний Буг",47.710933,31.249608
27148,"р. Південний Буг, 97 км, м. Вознесенськ, пит.в/з м. Вознесенськ, 2 км до в'ҝзду у м. Вознесенськ по трасі з м. Миколаҝв","Південний Буг",47.537856,31.377017
27149,"р. Південний Буг, 50 км, с. Ковалівка, Південно-Бузька ЗС","Південний Буг",47.280344,31.778547
27150,"р. Південний Буг, 0,5 км, м. Миколаҝв, Бузький лиман, тех. в/з Миколаҝвськоҝ ТЕЦ (ліва частина морського порту)","Південний Буг",46.943619,31.989678
27151,"р. Рів, 1 км, с. Могилівка, вище села","Південний Буг",49.100278,28.301667
27152,"р. Соб, 2 км, с. Дмитренки, Дмитренківське вдсх., н/б'әф, нижче села","Південний Буг",48.681667,29.282778
27153,"р. Кодима, 103 км, м. Балта, сільгосп. в/з","Південний Буг",47.934528,29.626278
27154,"р. Синюха, 10 км, м. Первомайськ, питний в/з міста","Південний Буг",48.090375,30.815531
27155,"р. Велика Вись, 95 км, с. Лікареве, Новомиргородського р-ну","Південний Буг",48.771614,31.548561
27156,"р. Кільтень, 24 км, с. Нововознесенка, Маловисківського р-ну","Південний Буг",48.64115,31.236478
27157,"р. Чорний Ташлик, 89 км, с. Звірівка, Новоукраҝнського району","Південний Буг",48.347439,31.475736
27158,"р. Чорний Ташлик, 51 км, смт. Помічна, питний в/з селища","Південний Буг",48.300047,31.378428
27159,"р. Плетений Ташлик, 2 км, с. Новоолександрівка, технічний водозабір ","Південний Буг",48.374978,31.493153
27160,"Балка Ташлик, 6 км, Ташлицьке вдсх., став-охолоджувач ПУ АЕС (міст через Ташлицьке вдсх., південь м. Південно-Украҝнськ)","Південний Буг",47.807522,31.205753
27161,"р. Мертвовод, 2 км, 1 км вище залізн. мосту через  р. Мертвовод","Південний Буг",47.558494,31.337928
27162,"р. Інгул, 318 км, м. Кіровоград, питний в/з міста","Південний Буг",48.533914,32.238956
27163,"р. Інгул, 305 км, с. Первозванівка, нижче скиду, ДП ""Схід-ГЗК"" Інгульськоҝ шахти та КП ""Кіровоградське ВКГ"" ","Південний Буг",48.430011,32.359977
27164,"р. Інгул, 179 км, с. Розанівка, сільгосп. в/з, кордон Кіровоградськоҝ і Миколаҝвськоҝ обл.","Південний Буг",47.796453,32.561405
27165,"р. Інгул, 163 км, смт. Новий Буг, Софіівське вдсх., питний в/з селища","Південний Буг",47.703761,32.376436
27166,"р. Інгул, 100 км, с. Привільне, Інгульська ЗС","Південний Буг",47.493014,32.302856
27167,"р. Інгул, 2 км, м. Миколаҝв, вул. Набережна, 2,  старий пішохідний міст через р. Інгул","Південний Буг",46.978089,31.994994
27168,"р. Грузька, 4 км, Лелеківське вдсх., Кіровоградська приміська ЗС","Південний Буг",48.573236,32.188211
27169,"р. Сугоклія, 4 км, м. Кіровоград","Південний Буг",48.482503,32.255316
27170,"р. Сухоклія, 26 км, м.Бобринець, питний в/з ","Південний Буг",48.076489,32.189093
27171,"р. Сіверський Донець, 944 км, с. Огурцове, кордон з  Росіәю, міст","Дон",50.305208,36.848158
27172,"р. Сіверський Донець, 872 км,  с. Печеніги, питний в/забір м.Харків","Дон",49.866667,36.980119
27173,"р. Сіверський Донець, 813 км, с.Есхар, нижче впадіння, р.Уди, гребля","Дон",49.784361,36.566667
27174,"р. Сіверський Донець, 793 км, с.Зодонецьке, м.Зміҝв,нижче  р.Мжа, міст","Дон",49.649106,36.34085
27175,"р. Сіверський Донець, 712 км, с.Червона Гусарівка, нижче м. Балаклея, в/з Балакліҝвськоҝ ЗС","Дон",49.383333,36.883333
27176,"р. Сіверський Донець, 640 км, с.Петровське, вище каналу Дніпро-Донбас, міст ","Дон",49.177003,36.926694
27177,"р. Сіверський Донець, 630 км, с.Червоний Шахтар, нижче впадіння каналу Дніпро-Донбас","Дон",49.166667,37.054414
27178,"р. Сіверський Донець, 610 км, м.Ізюм, вище м.Ізюм, міст автостради ""Харків - Ростов""","Дон",49.193322,37.271953
27179,"р. Сіверський Донець, 600 км, м.Ізюм. , нижче м.Ізюм. ","Дон",49.166667,37.3
27180,"р. Сіверський Донець, 573 км, с.Әремівка, кордон Донецькоҝ  і Харківськоҝ  областей","Дон",49.083314,37.45
27181,"р. Сіверський Донець, 522 км, м.Слов""янськ, Райгородська гребля, питний водозабір  у канал ""Сіверський Донець-Донбас""","Дон",48.9,37.75
27182,"р. Сіверський Донець, 510 км, Райстародубівська гребля, водозабір Слов'янськоҝ ТЕС","Дон",48.883333,37.781464
27183,"р. Сіверський Донець, 485 км,  с.Дронівка, 500 м вище впадіння р. Бахмут","Дон",48.913011,38.016667
27184,"р. Сіверський Донець, 483 км,  с.Дронівка, 800 м нижче впадіння р. Бахмут, кордон Донец. і Луганськоҝ обл.","Дон",48.933333,38.05
27185,"р. Сіверський Донець, 469 км, с. Білогорівка, питний водозабір Західноҝ фільтрувальноҝ станціҝ","Дон",48.941808,38.236603
27186,"р. Сіверський Донець, 444 км, м.Рубіжне, вище, міст на дорозі  ""м.Рубіжне - м.Новодружеск""","Дон",48.983333,38.35
27187,"р. Сіверський Донець, 428 км, м. Лисичанська, нижче міста","Дон",48.887858,38.483333
27188,"р. Сіверський Донець, 406 км, с.Світличне, паром","Дон",48.767528,38.65
27189,"р. Вовча, 62 км,  с. Землянки, міст, кордон з Росіәю","Дон",50.392661,37.441703
27190,"р. Вовча, 1 км, с. Гатіще, гирло","Дон",50.283333,36.874183
27191,"р. Тетлега, 1 км, с.Кочеток,  гирло","Дон",49.871844,36.735767
27192,"р. Уди, 134 км, с. Окоп, міст, кордон з Росіәю","Дон",50.421969,36.133333
27193,"р. Уди, 79 км, смт. Пересічне, міст","Дон",50.012772,35.976369
27194,"р. Уди, 41 км,  с. Хорошево, міст","Дон",49.860522,36.232153
27195,"р. Уди, 3 км, с.Әсхар, ехн.в/з ГРЕС-2, міст","Дон",49.808464,36.6
27196,"р. Лопань, 1 км, м. Харків , гирло","Дон",49.940886,36.207358
27197,"р. Лопань, 69 км, с. Казача Лопань,  міст кордон з РФ","Дон",50.346422,36.183333
27198,"р. Харків, 1 км, м. Харків, гирло, міст ","Дон",49.9882,36.233333
27199,"р. Харків, 54 км, с. Стрілечә, міст, кордон з Росіәю","Дон",50.2878,36.3755
27200,"р. Оскіл, 11 км, Червонооскільське вдсх,  н/б'әф","Дон",49.175789,37.472597
27201,"р. Оскіл, 112 км, м. Куп'янська, нижче міста, міст","Дон",49.663889,37.625556
27202,"р. Оскіл, 176 км, с. Тополі, міст, кордон з Росіәю","Дон",50.0038,37.909353
27203,"р. Казений Торець, 1 км, с. Райгородок, гирло","Дон",48.883333,37.733333
27204,"р. Казений Торець, 134 км,  с.Гродівка,  витік міста Красноармійського р-ну ","Дон",48.266667,37.511283
27205,"р. Казений Торець, 34 км, м.Слов'янськ, вище міста,  Ясногорівська гребля","Дон",48.766667,37.566667
27206,"р. Казений Торець, 55 км, м. Дружковки, нижче впадіння нижче міста технічний в/забір","Дон",48.648694,37.516667
27207,"р. Кривий Торець, 1 км, Карлівська гребля, техн.в/з","Дон",48.616667,37.533333
27208,"р. Клебан Бик, 2 км, Кләбан-Бикське вдсх, н/б'әф","Дон",48.436983,37.77
27209,"р. Бахмут, 2 км, с. Дронівка, гирло, міста,міст","Дон",48.924506,38.033333
27210,"р. Верхня Біленька, 1 км,  м. Лисичанськ, гирло, міста, міст ","Дон",48.888128,38.480908
27211,"р. Нижня Біленька, 1 км, с.Нижнә, гирло, міста","Дон",48.766667,38.616667
27212,"р. Кальміус, 1 км, гирло, міст","Річки Приазов'я",47.1,37.571781
27213,"р. Кальчик, 1 км, м. Маріуполь, місто","Річки Приазов'я",47.120586,37.591333
27214,"р. Кальчик, 18 км, м. Маріуполь, вище міста,  н/б Старокримського вдсх.","Річки Приазов'я",47.190756,37.503108
27215,"р. Дністер, 1278 км, м.Самбір, міста, верхів'я р. Дністер,  під мостом по дорозі м.Дрогобич","Дністер",49.5,23.216667
27216,"р. Дністер, 1191 км, с. Розвадів, вплив скиду стоків Дрогоб. пром. вузла, лівий берег, 200 м вище  мосту по дорозі м.Львів-м.Стрий","Дністер",49.493894,23.968183
27217,"р. Дністер, 1159 км, с. Журавно, вплив стоків м. Ходорів, 150 м више мосту по дорозі м. Калуш - м. Ходорів через с. Журавно","Дністер",49.260442,24.290708
27218,"р. Дністер, 1136 км, с. Сівка Войнилівська, кордон Львівськоҝ та Івано-Франківськоҝ областей, лівий берег, 30 м нижче мосту по дорозі м.Калуш-м.Бурштин","Дністер",49.203122,24.548442
27219,"р. Дністер, 1130 км, с. Перлівці, Галицького району, вплив стоків Калуського промвузла, правий берег","Дністер",49.176356,24.61
27220,"р. Дністер, 1117 км, м. Галич, правий берег, р-н рятувальноҝ станціҝ, 300 м нижче мосту по дорозі Івано-Франківськ - Львів","Дністер",49.126003,24.733294
27221,"р. Дністер, 968 км, с. Устечко, (кордон Ів.-Франк. і Чернівецькоҝ обл., лівий берег, 50 м нижче мосту по дорозі м.Городенка Ів.-Фр. обл. - смт. Товсте Тернопільськоҝ обл.","Дністер",48.761525,25.614128
27225,"р. Дністер, 783 км, м. Кам'янець-Подільський, Дністровське вдсх., питний водозабір міста","Дністер",48.559347,26.624906
27232,"р. Дністер, 20 км, смт. Біляҝвка, питний в/з м.Одеса","Дністер",46.444,30.22
27233,"р. Дністер, 16 км, с. Маяки, ГНС Нижньо-Дністровськоҝ ЗС","Дністер",46.415889,30.260222
27234,"р. Зубра, 30 км, с. Зубра, Пустомитівський р-н (біля кільцевоҝ дороги)","Дністер",49.767006,24.051158
27235,"р. Стрв'яж, 6 км, с. Луки, вплив неочищених стоків м.Самбір, під мостом по дорозі Львів-Самбір","Дністер",49.611436,23.389658
27236,"р. Тисмениця, 21 км, м. Дрогобич, вплив стоків Дрогобиц. пром. вузла, м. Трускавець, м. Борислав, під мостом по дорозі Львів - Дрогобич","Дністер",49.354897,23.565642
27237,"р. Стрий, 6 км, м. Жидачів, лівий берег, вплив стоків целюлозо-паперового комбінату під мостом по дорозі м. Львів - м. Жидачів","Дністер",49.381458,24.131889
27238,"р. Стрий, 78 км, с. Верхнә Синәвидне, лівий берег, підрусловий в/з м.Львів,150 м нижче мосту, дорога Стрий - Сколе","Дністер",49.1072,23.606822
27239,"р. Свіча, 39 км, с. Міжріччя, кордон Ів.-Франківськоҝ і Львівськоҝ обл.,лівий берег,перпендикулярно до річки від сільськоҝ церкви.","Дністер",49.103242,23.955264
27240,"р. Свіча, 54 км, с. Гошів, лв.берег, 40 м вище мосту дороги Долина - Болехів, п/в м. Долина","Дністер",49.024233,23.889472
27241,"р. Саджава, 9 км, м. Долина, лівий берег, 20 м нижче моста по дорозі Долина - Болехів","Дністер",48.994042,23.943189
27242,"р. Лімниця, 30 км, с. Вістова, питний в/з м. Калуш","Дністер",49.027667,24.463722
27243,"р. Чечва, 16 км, смт. Рожнятів, Чечвенське вдсх.","Дністер",48.963886,24.161811
27244,"р. Гнила Липа, 22 км, смт. Бурштин, Бурштинське вдсх.","Дністер",49.202781,24.673494
27245,"р. Луква, 23 км, с. Боднарів, лівий берег, 100 м нижче мосту по дорозі Івано-Франківськ - Калуш","Дністер",49.025258,24.546075
27246,"р. Бистриця Надвірнянська, 15 км, с. Черніів, питний в/з Ів.Франківська, 10 м нижче мосту","Дністер",48.848947,24.697106
27247,"р. Бистриця Солотвинська, 20 км, с. Скобичівка, питний в/з Ів.-Франк., 10 м нижче мосту","Дністер",48.836142,24.542472
27248,"р. Бистриця, 2 км, с. Әзупіль, гирло, вплив скиду о/с м.Ів-Франк, 20 м нижче мосту","Дністер",49.039053,24.794189
27249,"р. Ворона, 34 км, м. Отинія, вплив стоків Надвірнян. НПЗ,лівий берег, 50 м нижче моста по  дорозі Івано-Франківськ - Коломия","Дністер",48.757306,24.854525
27250,"р. Золота Липа, 74 км, м. Бережани, сільгосп. в/з","Дністер",49.452,24.946
27251,"р. Коропець, 71 км, смт. Козіве, Козівське вдсх, с/г в/з","Дністер",49.431,25.154
27252,"р. Стрипа, 34 км, м. Бучач, в/з","Дністер",49.062,25.401
27253,"р. Сівка, 11 км, смт. Войнилів, вплив стоків Калуського пром вузла, лів. берег, 80 м вище мосту по дорозі Калуш-Бурштин","Дністер",49.1458,24.512728
27254,"р. Сівка, 2 км, с. Сівка-Войнилівська, гирло, вплив стоків Калуського пром. вузла, 40 м нижче мосту по дорозі Галич - Залуква - Войнилів","Дністер",49.188342,24.541503
27255,"р. Серет, 180 км, м. Тернопіль, Тернопільське вдсх., питний в/з","Дністер",49.553,25.579
27256,"р. Серет, 211 км, с. Горішньо-Івачів, Горишньо-Івачівське вдсх., питний в/з м.Тернопіль","Дністер",49.599,25.554
27257,"р. Серет, 6 км, с. Касперівці, Касперівське вдсх,, сільгосп. в/з","Дністер",48.67,25.857
27258,"р. Нічлава, 35 км, м. Борщів, Борщівське вдсх., в/з","Дністер",48.789,26.017
27259,"р. Циганська, 22 км, с. Мушкатівка, Мушкатівське вдсх,","Дністер",48.813,26.106
27260,"р. Збруч, 137 км, м. Підволочиськ, в/з","Дністер",49.511,26.145
27261,"р. Збруч, 85 км, смт. Скала Подільськ, техн. в/з","Дністер",48.852,26.218
27262,"р. Білоч, 15 км, с. Шершенці, кордон з Молдовою","Дністер",47.989095,29.008031
27263,"р. Окни, 28 км, с. Лабушне, кордон з Молдовою","Дністер",48.058639,29.137472
27264,"р. Ягорлик, 20,2 км, с. Артирівка, кордон з Молдовою","Дністер",47.470472,29.35975
27265,"р. Турунчук, 47 км, с. Троҝцьке, (рукав Дністра), міст","Дністер",46.546611,30.000417
27266,"р. Кучурган, 6 км, с. Степанівка, впадаә в Кучурганський лиман, кордон з Молдовою","Дністер",46.78875,29.977167
27267,"р. Кучурган, 0 км, с. Граданиці, Кучурганське вдсх., 1 км по дамбі від села","Дністер",46.585056,29.98125
27268,"р. Кучурган, 0 км, с. Кучургани, Кучурганське вдсх., на східному березі вдсх, 2 км нижче мосту через річку","Дністер",46.723194,29.97025
27269,"р. Дунай, 163 км, м. Рені, кордон з Румуніәю","Дунай",45.467233,28.22945
27270,"р. Дунай, 94 км, м. Ізмаіл, питний водозабір міста","Дунай",45.338508,28.814842
27272,"р. Дунай, 20 км, м. Вилкове, питний в/з","Дунай",45.401556,29.571814
27271,"р. Дунай, 48 км, м. Кілія, питний в/з","Дунай",45.435156,29.264058
27273,"р. Тиса, 965 км, м. Рахів, автомат.гідромет.станція","Дунай",48.053175,24.205572
27274,"р. Тиса, 964 км, м. Рахів, вплив скиду Рахівського ВУЖКГ","Дунай",48.039917,24.177558
27275,"р. Тиса, 927 км, смт. В. Бичків, в/з, автомат.г/мет станц.","Дунай",47.967469,24.008311
27276,"р. Тиса, 912 км, смт. Солотвино, кордон з Румуніәю","Дунай",47.939225,23.876192
27277,"р. Тиса, 882 км, м. Тячів, питний в/з, АІВС якості***","Дунай",48.004981,23.575919
27278,"р. Тиса, 831 км, м. Виноградів, відомчий гідропост","Дунай",48.081,23.053
27279,"р. Тиса, 807 км, смт.Вілок, кордон з Угорщиною","Дунай",48.096456,22.837153
27280,"р. Тиса, 696 км, м. Чоп, кордон з Угорщиною","Дунай",48.413503,22.171906
27281,"р. Шопурка, 1 км, смт В.Бичків, гирло","Дунай",47.968906,24.007814
27282,"р. Тересва, 1 км, с. Тересва, гирло","Дунай",48.000483,23.675814
27283,"р. Теребля, 1 км, смт. Буштино, гирло","Дунай",48.041678,23.490489
27284,"р. Ріка, 1 км, м. Хуст, гирло, міст","Дунай",48.180781,23.270228
27285,"р. Боржава, 7 км, с. Бене, міст","Дунай",48.162647,22.771164
27286,"р. Тиса, 831 км, с. Юлівці, канал Тарна-Маре","Дунай",48.065336,23.104831
27287,"р. Тиса, 824 км, ст. Клиново, канал Клиновський, ","Дунай",48.011689,23.039917
27288,"р. Тиса, 807 км, смт. Вілок, канал Батар, в/з ЗС","Дунай",48.039164,22.946075
27289,"р. Тиса, 714 км, ст. Әсень, канал Чаронда, в/з ЗС","Дунай",48.408694,22.278189
27290,"р. Латориця, 139 км, м. Свалява, авт.гідромет.станція","Дунай",48.553261,22.980414
27291,"р. Латориця, 111 км, м. Мукачево, авт.гідромет.станція","Дунай",48.437278,22.688089
27292,"р. Латориця, 65 км, м. Чоп, питний в/з, кордон з Словаччиною","Дунай",48.455792,22.209561
27293,"р. Вича, 1 км, м.Свалява, вище міста, гирло","Дунай",48.560644,23.029158
27294,"р. Піня, 1 км, м. Свалява, гирло","Дунай",48.566736,22.966017
27295,"р. Свалявка, 1 км, м. Свалява, гирло","Дунай",48.548158,22.981167
27296,"р. Латориця, 17 км, м. Берегове, Канал Верке","Дунай",48.225992,22.643689
27297,"р. Уж, 80 км, смт. В. Березний ","Дунай",48.533,22.277
27298,"р. Уж, 54 км, м. Перечин, нижче міста","Дунай",48.715419,22.43965
27299,"р. Уж, 40 км, м. Ужгород, питний в/з ","Дунай",48.632189,22.317511
27300,"р. Уж, 28 км, с. Сторожниця, кордон з Словаччиною ","Дунай",48.605814,22.213489
27301,"р. Улічка, 1 км, с. Забрідь, гирло","Дунай",48.918967,22.4571
27302,"р. Убля, 1 км, с. М.Березний, гирло","Дунай",48.851411,22.445419
27305,"р. Прут, 914 км, м. Яремче, лів. берег.","Дунай",48.439953,24.547031
27306,"р. Прут, 867 км, м. Коломия, в/з питний, лів. берег","Дунай",48.521758,25.017614
27313,"р. Любіжня, 2 км, смт. Делятин, лів. бер., 20 м вище мосту","Дунай",48.529514,24.618806
27314,"оз. Кагул, 0 км, ГНС Нагірне","Дунай",45.386747,28.440594
27315,"оз. Ялпуг-Кугурлуй, 0 км, с. Оксамитне Болградського району, Болградський питний в/з","Дунай",45.622511,28.62125
27316,"оз. Ялпуг-Кугурлуй, 0 км, с. Нова Некрасівка","Дунай",45.341522,28.662103
27317,"р. В.Ялпуг, 5,4 км, с. Табаки Болградського р-ну,  впадаә в оз.Ялпуг, кордон з Молдовою","Дунай",45.729167,28.588903
27318,"р. Карасулак, 3,3 км, с. Криничне","Дунай",45.532944,28.660558
27319,"оз. Катлабух, 0 км, ГНС Кірова","Дунай",45.461944,29.051342
27320,"оз. Катлабух, 0 км, Суворовська ГНС","Дунай",45.577364,28.954722
27321,"р. В.Катлабух, 2 км, а/д міст","Дунай",45.608039,28.951161
27322,"р. М.Катлабух, 2,2 км, автодорожний  міст","Дунай",45.612228,28.957817
27323,"р. Әніка, 0,1 км, с. Першотравневе, 0,1 км, гирло, ","Дунай",45.505694,29.069972
27324,"р. Ташбунар, 1,4 км, а/д міст","Дунай",45.505433,28.922881
27325,"оз. Китай, 0 км, Василівська ГНС","Дунай",45.534333,29.167678
27326,"оз. Китай, 0 км, Червоноярська ГНС","Дунай",45.598119,29.214936
27327,"р. Киргиж-Китай, 4,2 км, автодорожний міст","Дунай",45.729889,29.174064
27328,"р. Киргиж-Китай, 49 км, с. М. Ярославець, кордон з Молдовою","Дунай",46.097983,28.995199
27329,"р. Аліяга, 4,8 км, автодорожний  міст","Дунай",45.730861,29.182892
27330,"р. Західний Буг, 704 км, м. Кам'янка Бузька, в/з","Вісла",50.111286,24.349356
27331,"р. Західний Буг, 689 км, Добротвірське вдсх, н/б'әф, в/з","Вісла",50.248408,24.349292
27332,"р. Західний Буг, 632 км, с. Старгород, Сокальський р-н (кордон Львівськоҝ та Волинськоҝ областей) ","Вісла",50.591944,24.213
27333,"р. Західний Буг, 637 км, м. Сокаль, в/з","Вісла",50.485078,24.272656
27334,"р. Західний Буг, 631 км, с. Литовеж, міст автодороги Нововолинськ-Червоноград, кордон з Польщею","Вісла",50.618044,24.187986
27335,"р. Західний Буг, 583,5 км, с. Амбуків, 500 м нижче впадіння р. Хучва, кордон з Польщею","Вісла",50.810753,23.968728
27336,"р. Західний Буг, 569 км, м. Устилуг,, 500 м нижче впадіння р.Устилуг, кордон з Польщею","Вісла",50.869453,24.14285
27337,"р. Західний Буг, 468 км, с. Забужжя, кордон з Республікою Польща","Вісла",51.378292,23.684542
27338,"р. Західний Буг, 385 км, с. Світязь, оз. Світязь, Шацький район","Вісла",51.482444,23.845289
27340,"р. Рата, 22 км, смт. Великі Мости, в/з","Вісла",50.246394,24.13765
27339,"р. Полтва, 30 км, с.Кам’янопіль, Пустомитівський р-н, кільцева дорога біля шлюзу","Вісла",49.87005,24.166031
27341,"р. Луга, 6 км, с. П'ятидні","Вісла",50.868336,24.218364
27342,"р. Ягодинка, 2 км, нижче оз.Ягодинське","Вісла",51.180983,23.855456
27343,"р. Вишня, 37 км, с. Чернево, кордон з Польщею, під мостом дороги м. Мостиська - с. Краковець","Вісла",49.8723,23.083372
27344,"р. Шкло, 66 км, с. Краковець, кордон з Польщею, під мостом дороги м. Львів - с. Краковець","Вісла",49.952606,23.192978
27345,"р. Завадівка, 12 км, с. Грушів, Яворівський р-н (кордон з Республікою Польща)","Вісла",50.0867,23.317294
27346,"оз. Сасик, 0 км, Канал Дунай-Сасик, гирло","Річки Причорномор'я",45.548583,29.588389
27347,"оз. Сасик, 0 км, с. Трапівка, ГНС-2","Річки Причорномор'я",45.782583,29.690444
27348,"р. Сарата, 14,3 км, с. Білолісся","Річки Причорномор'я",45.842083,29.691417
27349,"р. Сарата, 94 км, с. Міняйлівка, кордон з Молдовою","Річки Причорномор'я",46.397639,29.510778
27350,"р. Когільник, 12 км, с. Новоолексіҝвка","Річки Причорномор'я",45.89125,29.623611
27351,"р. Когільник, 131 км, с. Серпневе, кордон з Молдовою","Річки Причорномор'я",46.296167,29.014361
27352,"р. Чага, 66 км, с. Петровка, кордон з Молдовою","Річки Причорномор'я",46.501222,29.169611
27353,"р. Хаджидер, 10,1 км, с. Сергіҝвка","Річки Причорномор'я",45.999361,29.964667
27354,"р. Хаджидер, 68 км, с. Чистоводне, кордон з Молдовою","Річки Причорномор'я",46.470861,29.738833
27355,"р. Каплань, 19 км, с. Крутоярівка, кордон з Молдовою","Річки Причорномор'я",46.345333,29.859806
27356,"р. Алкалія, 7 км, с. Широке ","Річки Причорномор'я",45.980472,30.075167
27357,"р. Барабой, 17 км, с. Барабой, Санжинське вдсх., н/б'әф","Річки Причорномор'я",46.294694,30.502556
27358,"р. В.Куяльник, 8,2 км, с. Руська Слобідка","Річки Причорномор'я",46.846944,30.581528
27359,"р. М.Куяльник, 8,1 км, с. Бараново","Річки Причорномор'я",46.934528,30.404417
27360,"р. Тілігул, 17,5 км, смт. Березівка","Річки Причорномор'я",47.163111,30.953806
27362,"р. Рось, 134 км, с.Дибинці, Богуславський район, Дибиницьке водосховище","Дніпро",49.535,30.774
27364,"р. Рось, 185 км, с.Бирюки, Рокитнянський район","Дніпро",49.739,30.287
27369,"р. Бахмутка, 55 км, вище м. Бахмут","Дон",48.559,38.024
27370,"р. Іква, 87 км, с.Андруга, Білокриницька с/р, Кременецький район","Дніпро",50.175907,25.723469
27372,"р. Синюха, 94 км, смт Новоархангельск, Новоархангельське водосховище, питний в/з смт Смоліне","Південний Буг",48.669,30.806
27434,"р. Дністер, 1090 км, с.Довге, правий берег, кордон Івано-Франківськоҝ і Тернопільськоҝ областей","Дністер",49.038578,24.922828
27435,"р. Гнила Липа, 50 км, с.Липівка, ліва притока р.Дністер, правий берег, 50 метрів нижче мосту, по дорозі м.Рогатин - м.Львів, кордон Львівськоҝ та Івано-Франківськоҝ областей","Дністер",49.512372,24.571269
