region,locationID,companyID,companyNAME,year2018
Запорізька,230060,00110728,"ЗАТ ""ЗАПОРIЖКРАН"" М. ЗАПОРIЖЖЯ",0.059
Донецька,142058,00131245,"ПАТ ""ЦЕНТРЕНЕРГО"" ВУГЛЕГIРСЬКА,СМТ.СВIТЛОДАРСЬКЕ",0.004
Івано-Франківська,260049,00136490,"ПАТ  ""УКРНАФТА""  НГВУ  ""ДОЛИНАНАФТОГАЗ"" М.ДОЛИНА",0.003
Львівська,460249,00152402,"ДП ""ДАШАВСЬКИЙ ЗАВОД КОМПОЗИЦIЙНИХ МАТЕРIАЛIВ""",0.021
Львівська,460508,00153100,"ХIДНОВИЦЬКИЙ ЦВ НГГК ФIЛIЇ ""ГПУ ""ПОЛТАВАГАЗВИДОБ."" ПАТ ""УКРГ",0.002
Львівська,460616,00153100,"ХIДНОВИЦЬКИЙ ЦВНГК  ГПУ ""ЛЬВIВГАЗВИДОБУВАННЯ"" ПАТ ""УКРГАЗВИД",0.013
Донецька,142089,00176495,"ДВАТ ЦЗФ ""ДЗЕРЖИНСЬКА"",М. ТОРЕЦЬК",0.012
Запорізька,230565,00184939,"ТДВ ""АВТОПАРК"", М. ЗАПОРIЖЖЯ",0.001
Львівська,460760,00185347,"КП ""ЧЕРВОНОГРАДВОДОКАНАЛ""",0.718
Дніпропетровська,120160,00190905,"ПАТ ""IНГУЛЕЦЬКИЙ ГЗК"", М. КРИВИЙ РIГ",0.108
Дніпропетровська,120161,00190977,"ПРАТ ""ЦЕНТРАЛЬНИЙ ГЗК"", М. КРИВИЙ РIГ",0.963
Донецька,142105,00191052,"ПАТ ""ДРУЖКIВСЬКИЙ ЗАВОД МЕТАЛЕВИХ ВИРОБIВ"" М. ДРУЖКIВКА",0.35
Донецька,140314,00191075,"ВАТ ""АВДIЇВСЬКИЙ КХЗ"" М. АВДIЇВКА",0.096
Донецька,140327,00191158,"ПрАТ ""МЕТКОМБIНАТ ""АЗОВСТАЛЬ"",М.МАРIУПОЛЬ",139.8
Запорізька,230083,00191230,"ПАТ ""ЗАПОРIЖСТАЛЬ"" М. ЗАПОРIЖЖЯ",53.87
Дніпропетровська,120649,00191307,"ПАТ ""КРИВОРIЗЬКИЙ ЗАЛIЗОРУДНИЙ КОМБIНАТ"", М. КРИВИЙ РIГ",2.271
Дніпропетровська,120146,00191329,"ПРАТ ""СУХА БАЛКА"", М. КРИВИЙ РIГ",1.412
Донецька,142803,00191672,"ГОРЛIВСЬКЕ ВУВКГ КП ""ВОДА ДОНБАСУ""",5.774
Запорізька,230030,00235814,"ПАТ ""ГIДРОСИЛА МЗТГ"" М.МЕЛIТОПОЛЬ",0.006
Львівська,461172,00291109,"ПРАТ ""ДРОГОБИЦЬКЕ ЗАВОДОУПРАВЛIННЯ БУДIВЕЛЬНИХ МАТЕРIАЛВ""",0.002
Львівська,460518,00291144,"ТЗОВ ""РОЗВАДIВ БУДМАТЕРIАЛИ""",0.033
Львівська,460135,00293025,"ПАТ ""МИКОЛАЇВЦЕМЕНТ""",0.249
Донецька,142863,00293060,"ФIЛIЯ ПАТ ""ЄВРОЦЕМЕНТ-УКРАЇНА""- КРАМАТОРСЬКИЙ ЗАВОД - ""ПУШКА",0.004
Київська,320084,00307879,"КП ""ВАСИЛЬКIВСЬКА ШКIРФIРМА"" м.ВАСИЛЬКIВ",1.071
Харківська,630201,00373250,"ПРАТ  ""ПЕРВУХIНСЬКИЙ ЦУКРОЗАВОД"" БОГОДУХIВСЬКИЙ Р-Н",0.26
Харківська,630215,00383231,"ПрАТ "" ФIЛIП МОРРIС УКРАЇНА"" М.ХАРКIВ",0.024
Луганська,90406,00418030,"ТДВ  ""ЛИСИЧАНСЬКИЙ ЖЕЛАТИНОВИЙ ЗАВОД""",0.566
Закарпатська,210526,00432283,"М.ХУСТ, ВУЖКГ",0.216
Львівська,460126,00493735,ЛЬВIВСЬКИЙ НАЦIОНАЛЬНИЙ АГРАРНИЙ УНIВЕРСИТЕТ,0.167
Чернівецька,770209,00495832,УНДС КАРАНТИНУ РОСЛИН с.БОЯНИ НОВОСЕЛИЦЬКОГО РАЙОНУ,0.004
Рівненська,560375,00725463,"""МИРОГОЩАНСЬКИЙ АГРАРНИЙ КОЛЕДЖ "" ДУБЕНСЬКИЙ РАЙОН С.МИРОГОЩ",0.042
Львівська,460725,00854400,"ПАТ ""АГРОФIРМА ""ПРОВЕСIНЬ""",0.001
Тернопільська,610190,00907438,"ВАТ ""БУЛАТ"", смт.МИКУЛИНЦI",0.017
Чернівецька,770180,00957152,ДП НЕПОЛОКIВСЬКИЙ КОМБIНАТ ХЛIБОПРОДУКТIВ,0.019
Запорізька,230040,01056280,"ПАТ ""ЗАПОРIЗЬКИЙ МЕХАНIЧНИЙ ЗАВОД"" М.ЗАПОРIЖЖЯ",0.018
Донецька,140049,01125755,ДП МАРIУПОЛЬСЬКИЙ  МОРСЬКИЙ ТОРГОВЕЛЬНИЙ ПОРТ,0.08
Луганська,90684,01882551,"ПАТ ""РУБIЖАНСЬКИЙ КАРТОННО-ТАРНИЙ КОМБIНАТ""",3.352
Закарпатська,210485,01992654,"М.ТЯЧIВ, ВОЗ ТЯЧIВСЬКОЇ РДА",0.005
Івано-Франківська,260527,01993186,"ОБЛ. ДИТЯЧИЙ САНАТОРIЙ ""ЯСЕНЬ"" С.ЯСЕНЬ РОЖНЯТIВСЬКОГО Р-НУ",0.001
Івано-Франківська,260069,01993457,ЦЕНТРАЛЬНА РАЙЛIКАРНЯ М.ДОЛИНА,0.005
Кіровоградська,350083,01995054,ЗНАМ'ЯНСЬКА ОБЛАСНА БАЛЬНЕОЛОГIЧНА ЛIКАРНЯ,0.026
Кіровоградська,350383,01995137,ГОЛОВАНIВСЬКА РАЙОННА ЛIКАРНЯ,0.012
Кіровоградська,350299,01995166,"КЗ ""КIРОВОГРАДСЬКА ОБЛ.ПСИХЛIКАРНЯ""",0.021
Тернопільська,610006,02000435,"БЕРЕЖАНСЬКА ЦРК ЛIКАРНЯ, м.БЕРЕЖАНИ",0.006
Тернопільська,610056,02000582,ЛIКУВАЛЬНI УСТАНОВИ ГУСЯТИНСЬКОГО РАЙОНУ,0.015
Тернопільська,610146,02000903,"ЛАНОВЕЦЬКА ЦКР ЛIКАРНЯ, м.ЛАНIВЦI",0.014
Тернопільська,610195,02001038,"МИКУЛИНЕЦЬКА ОБЛАСНА ФIЗИОТЕРАПЕВТИЧНА ЛIКАРНЯ РЕАБIЛIТАЦIЇ,",0.031
Харківська,630414,02001771,"КНП ХОР  ОБЛАСНИЙ ТУБСАНАТОРIЙ ""ЗАНКИ"" ЗМIЇВСЬКИЙ Р-Н",0.022
Хмельницька,680730,02004500,ВIДДIЛЕННЯ ОБЛАСН.ТУБДИСПАНСЕРУ С.ОСТАШКИ ХМЕЛЬНИЦЬК Р-Н,0.015
Закарпатська,210470,02143364,"М.РАХIВ, ВIДДIЛ ОСВIТИ РАХIВСЬКОЇ РДА",0.003
Львівська,460030,02592022,"ДОЧ.П. ""САНАТОРIЙ ""ЛЮБIНЬ ВЕЛИКИЙ"" ЗАТ ЛIК.-ОЗДОРОВ. ЗАК. ПР",0.009
Харківська,630427,02648432,"ДП КС  ""САНАТОРIЙ БЕРМIНВОДИ"" ДЕРГАЧIВСЬКИЙ Р-Н",0.134
Львівська,460731,02649905,"ДОЧ.П. ""БАЛЬНЕОЛОГ. ЛIКАРНЯ"" САНАТ.-КУРОР. КОМП. ""МОРШИНКУРО",0.008
Київська,321739,02772037,"ПРАТ"" КИЇВСПЕЦТРАНС"" В.ДМИТРIВКА ОБУХIВСЬКИЙ РАЙОН",0.023
Запорізька,231661,02928203,"КЗ  ""ЗАПОРIЗЬКА ОБЛАСНА ШКОЛА ВИЩОЇ СПОРТИВНОЇ МАЙСТЕРНОСТI""",0.006
Запорізька,230533,03188636,"КУ""ТАВРIЙСЬКИЙ БУДИНОК IНВАЛIДIВ"" ЗОР ОРIХIВСЬКИЙ РАЙОН",0.049
Харківська,631486,03189558,КУ БОГОДУХIВСЬКИЙ ДИТЯЧИЙ БУДИНОК-IНТЕРНАТ,0.015
Харківська,630550,03189660,"КУ ХОРОШЕВСЬКИЙ ГЕРIАТРИЧНИЙ ПАНСIОНАТ"" С.ХОРОШЕВО",0.033
Черкаська,711287,03189724,"СТЕБЛIВСЬКИЙ ПСИХОНЕВРОЛОГIЧНИЙ  IНТЕРНАТ, СМТ.СТЕБЛIВ",0.002
Чернівецька,770212,03189989,ПЕТРИЧАНСЬКИЙ ПСИХОНЕВРОЛОГIЧНИЙ БУДИНОК-IНТЕРНАТ,0.006
Запорізька,231894,03191259,"КУ ""ВЕСЕЛIВСЬКИЙ ПНI"" ЗОР ЗАПОРIЗЬКИЙ РАЙОН",0.019
Закарпатська,210504,03191549,"С.ВIЛЬШАНИ, ДИТБУДИНОК-IНТЕРНАТ",0.072
Запорізька,230227,03327090,"КП ""ВОДОКАНАЛ""МЕЛIТОПОЛЬСЬКОЇ МIСЬКОЇ РАДИ ЗАПОРIЗЬКОЇ ОБЛАС",3.8
Запорізька,230230,03327115,"ВАСИЛIВСЬКИЙ  ЕЦВВ КП ""ОБЛВОДОКАНАЛ"" ЗОР М. ВАСИЛIВКА",0.199
Запорізька,231220,03327115,"ТАВРIЧ.ЕКСПЛУАТ.ЦЕХ ВОДОПОСТ.ТА ВОДОВIДВЕД.КП ""ЗАПОРIЖЖЯВОДО",0.715
Київ,300218,03327664,"ПРАТ ""АК ""КИЇВВОДОКАНАЛ""",283.3
Волинська,70304,03339489,"КОМУНАЛЬНЕ ПIДПРИEМСТВО ""ЛУЦЬКВОДОКАНАЛ""",0.428
Луганська,90450,03339851,"ЛИСИЧАНСЬКЕ КОМУНАЛЬНЕ СПЕЦIАЛIЗОВАНЕ ПIДПРИЕМСТВО ""ЛИСИЧАНС",3.566
Дніпропетровська,120393,03340989,"КП ""МАРГАНЕЦЬКЕ ВУВКГ""",1.796
Дніпропетровська,120398,03341305,"КП ""ДНIПРОВОДОКАНАЛ"" ДМР",53.02
Дніпропетровська,120401,03341316,"КП ""КРИВБАСВОДОКАНАЛ"",  М. КРИВИЙ РIГ",0.001
Дніпропетровська,120396,03341339,"КП ""НIКОПОЛЬСЬКЕ ВУВКГ"" НМР",1.142
Дніпропетровська,120394,03341345,"КП ""ПАВЛОГРАДСЬКЕ ВУВКГ"" ПМР",2.774
Дніпропетровська,120399,03341351,"МКП ""ПОКРОВВОДОКАНАЛ"", М. ПОКРОВ",1.108
Житомирська,180490,03344065,"КОМУНАЛЬНЕ ПIДПРИЄМСТВО ""ЖИТОМИРВОДОКАНАЛ"" ЖИТОМИРСЬКОЇ МIСЬ",0.012
Закарпатська,210453,03344183,"М.ТЯЧIВ, ВУЖКГ",0.085
Закарпатська,210438,03344326,"М.УЖГОРОД, КП""ВОДОКАНАЛ УЖГОРОД""",1.128
Закарпатська,210452,03344332,"М.ВИНОГРАДIВ, ВУЖКГ",0.589
Закарпатська,210446,03344473,"СМТ.МIЖГIР'Я, ВУЖКГ",0.118
Закарпатська,210442,03344556,"М.МУКАЧЕВО, ММКП""МУКАЧIВВОДОКАНАЛ""",0.165
Київська,320302,03346363,"КП КОР ""ФАСТIВВОДОКАНАЛ""",0.139
Львівська,460340,03348471,"ЛМКП ""ЛЬВIВВОДОКАНАЛ""",33.04
Львівська,460715,03348809,"МКП ""МИКОЛАЇВВОДОКАНАЛ""",0.27
Львівська,460889,03348809,"МКП ""МИКОЛАЇВВОДОКАНАЛ"" (С. ЛИПIВКА)",0.024
Одеська,510725,03350338,ВУЖКГ М.БIЛЯЇВКА,0.114
Одеська,510724,03350444,"КП ""ВУЖКГ"" СМТ.ТАРУТИНО",0.076
Одеська,510734,03350597,ВУЖКГ СМТ.БЕРЕЗIВКА,0.056
Рівненська,560932,03352142,"КП ""БЕРЕЗНЕВОДОКАНАЛ"" М.БЕРЕЗНЕ",0.176
Сумська,590424,03352455,"КП ""МIСЬКВОДОКАНАЛ"", М.СУМИ",12.56
Сумська,590877,03352716,"ВУВКГ, М.КОНОТОП",2.016
Сумська,590426,03352935,ВУВКГ М.ШОСТКА,3.862
Тернопільська,610043,03353207,"БУЧАЦЬКИЙ ККП, м.БУЧАЧ",0.108
Тернопільська,610158,03353800,"ПIДВОЛОЧИСЬКЕ УЖКГ, смт.ПIДВОЛОЧИСЬК",0.135
Тернопільська,610137,03353816,"ПОЧАЇВСЬКИЙ ККП, м.ПОЧАЇВ",0.061
Тернопільська,610249,03353851,"ЧОРТКIВСЬКЕ В У В К Г, м.ЧОРТКIВ",0.477
Хмельницька,680403,03356080,ВУЖКГ  СМТ ТЕОФIПОЛЬ,0.206
Черкаська,710177,03356996,"ХРИСТИНIВСЬКЕ ВУЖКГ, М. ХРИСТИНIВКА",0.117
Черкаська,710179,03357116,"ЧОРНОБАЇВСЬКЕ ВУЖКГ, СМТ. ЧОРНОБАЙ",0.068
Черкаська,710175,03357174,"КП ""УМАНЬВОДОКАНАЛ"", М. УМАНЬ",2.572
Чернівецька,770018,03357553,ГЛИБОЦЬКЕ ВУЖКГ,0.096
Чернігівська,740459,03357791,"ПРАТ ""КОМУНАЛЬНИК"" М. СНОВСЬК",0.039
Чернігівська,740457,03358038,ОСТЕРСЬКЕ ВУЖКГ М. ОСТЕР КОЗЕЛЕЦЬКОГО РАЙОНУ,0.019
Чернігівська,740447,03358222,"КП ""ЧЕРНIГIВВОДОКАНАЛ"" М. ЧЕРНIГIВ",14.9
Полтавська,530371,03361661,"МАШIВСЬКА ДIЛЬНИЦЯ  КП ""ПОЛТАВАВОДОКАНАЛ"" ПОР, СМТ. МАШIВКА",0.056
Полтавська,530425,03361661,"КАРЛIВСКА ДIЛЬНИЦЯ КП ""ПОЛТАВАВОДОКАНАЛ"" ПОР, М. КАРЛIВКА",0.234
Харківська,631333,03361715,"КП  ""ХАРКIВВОДОКАНАЛ""",3.259
Чернівецька,770171,03361780,"ДКП ""ЧЕРНIВЦIВОДОКАНАЛ"" м.ЧЕРНIВЦI",0.87
Чернівецька,770274,03361780,"ДКП ""ЧЕРНIВЦIВОДОКАНАЛ""",0.056
Дніпропетровська,120608,03564045,"ДМП ВКГ ""ДНIПРО-ЗАХIДНИЙ ДОНБАС"", СИНЕЛЬНИКIВСЬКИЙ Р-Н",2.176
Донецька,144815,03971003,"ТЕЛЬМАНIВСЬКЕ ВУВКГ НОВОАЗОВСЬКА ВКД КП""КОМПАНIЯ ""ВОДА ДОНБА",0.062
Львівська,461098,04371489,ДЕРЖIВСЬКА СIЛЬСЬКА РАДА,0.001
Харківська,630608,04591423,"КЗ ""ЛЮБОТИНСЬКА СПЕЦIАЛIЗОВАНА ШКОЛА-IНТЕРНАТ ""ДИВОСВIТ""",0.025
Донецька,141180,04735922,"СП ""МАРIУПОЛЬСЬКЕ БМЕУ РФ  ДОНЕЦЬКА  ЗАЛIЗНИЦЯ  ПАТ ""УКРАЇНС",0.003
Дніпропетровська,120666,04793055,"ТОВ ""ДДЗ ""ЕНЕРГОАВТОМАТИКА"", М. ДНIПРО",0.081
Черкаська,710278,05390572,"ТОВ""ЛОЗ ЧС  ДОЦ""СВIТАНОК"", С.СВИДIВОК, ЧЕРКАСЬКИЙ Р-H",0.004
Дніпропетровська,120137,05393043,"ПАТ ""ДНIПРОВСЬКИЙ МЕТКОМБIНАТ"", М. КАМЯНСЬКЕ",64.57
Дніпропетровська,120132,05393056,"ПРАТ "" ДМЗ "", М. ДНIПРО",9.41
Дніпропетровська,120136,05393079,"ПРАТ "" ЮЖКОКС"", М. КАМЯНСЬКЕ",0.038
Донецька,140744,05393725,"КП""МТТУ"",М.МАРIУПОЛЬ",0.021
Івано-Франківська,260230,05397373,"ДП ""САНАТОРIЙ ""ЧЕРЧЕ"" С.ЧЕРЧЕ РОГАТИНСЬКОГО Р-НУ",0.017
Кіровоградська,350111,05398740,"ОКВП ""ДНIПРО-КIРОВОГРАД"" ЗНАМ'ЯНСЬКЕ ВКГ",0.637
Донецька,140690,05419643,"ПРАТ ""МАРIУПОЛЬ-АВТО"",М.МАРIУПОЛЬ",0.015
Черкаська,711363,05445296,"КП ""ЧЕЛУАШ"", М.ЧЕРКАСИ",1.732
Львівська,460210,05452310,КП ЖКГ ВЕЛИКОМОСТIВСЬКОЇ МIСЬКОЇ РАДИ,0.086
Харківська,630381,05466186,"КРАСНОГРАДСЬКЕ КП ""ВОДОКАНАЛ""",0.395
Львівська,460188,05514293,САМБIРСЬКЕ ВИРОБ. УПРАВ. ВОДОПРОВIДНО-КАНАЛIЗАЦ. ГОСПОДАРСТВ,0.65
Харківська,632133,05521531,"ТОВ ""IЗЮМРИБА"",",2.055
Харківська,630723,05521608,"ТОВ ""КАРАВАНСЬКИЙ ЗАВОД КОРМОВИХ ДРIЖДЖIВ""",0.023
Донецька,142231,05524216,ТОРЕЦЬКЕ ВУВКГ М.ТОРЕЦЬК,0.135
Донецька,140752,05524328,"КП МВК,М.ХАРЦIЗСЬК",1.958
Дніпропетровська,120012,05669819,"ПРАТ ""ДНIПРОВАГОНМАШ""М. КАМЯНСЬКЕ",0.192
Житомирська,180006,05756926,"ПАТ ""ПЕРШОТРАВЕНСЬКИЙ З-Д ЕЛЕКТРОТЕХНIЧНОГО ФАРФОРУ  БАРАНIВ",0.004
Дніпропетровська,120008,05761620,"АТ ""ДНIПРОАЗОТ"", М. КАМЯНСЬКЕ",2.204
Львівська,460048,05762281,"ПАТ ""СТЕБНИЦЬКЕ ГIРНИЧО-ХIМIЧНЕ ПIДПРИЄМСТВО ""ПОЛIМIНЕРАЛ""",0.024
Сумська,590007,05766356,"ПАТ ""СУМИХIМПРОМ"", М.СУМИ",2.893
Харківська,630036,05808853,"ПАТ  ""ХАРКIВСЬКИЙ ПIДШИПНИКОВИЙ З-Д""",0.025
Львівська,460245,05932968,"КП ""СТРИЙВОДОКАНАЛ""",1.673
Харківська,630699,07904041,"ДП ""ХАРКIВСЬКИЙ ЗАВОДСПЕЦIАЛЬНИХ МАШИН""",0.004
Львівська,460865,07930854,ЯВОРIВСЬКА КЕЧ РАЙОНУ,0.119
Закарпатська,210065,08438994,"М. МУКАЧЕВО, ЗТ КЕВ, БАС.Р.ЛАТОРИЦЯ",0.008
Львівська,460787,08439994,КЕВ М. МУКАЧЕВО  ЗАХ. ТЕРИТОР. КВАРТИР.-ЕКСПЛУАТАЦIЙНОГО УПР,0.094
Рівненська,560499,08509140,В/Ч А-2798 С.ДУБИ,0.021
Донецька,140617,08563174,"ВК-82,СЕЛ.ГОСТРЕ,М.СЕЛIДОВЕ",0.036
Івано-Франківська,260315,08563636,"ДУ ""ГАЛИЦЬКИЙ ВИПРАВНИЙ ЦЕНТР (N 128)"" С.МАРIЯМПIЛЬ",0.001
Тернопільська,610060,08564475,"КОПИЧИНЕЦЬКА ВК-112, м.КОПИЧИНЦI",0.016
Тернопільська,610097,08564489,"ЗБАРАЗЬКА ВК-63, с.ДОБРИВОДИ",0.008
Харківська,631384,08564618,"ДУ ""ПОКРОВСЬКА ВК№17-СПЕЦIАЛIЗОВАНА ТУБЕРКУЛЬОЗНА ЛIКАРНЯ"",Б",0.059
Хмельницька,680318,08564788,ДУ  ШЕПЕТIВ.ВИПРАВНА  КОЛОНIЯ №98 С.КЛЕМЕНТОВIЧИЧI ШЕПЕТIВ.,0.03
Чернігівська,740749,08564972,УПРАВЛIННЯ ДПТСУ НОВГОРОД -СIВЕРСЬКА УВП №31 М. НОВГОРОД - С,0.005
Сумська,590394,08565078,"РОМЕНСЬКА ВК N56, С.ПЕРЕХРЕСТIВКА, РОМЕНСЬКИЙ Р-Н",0.021
Запорізька,231552,08680112,"ДП ""ПIДПРИЄМСТВО КАМ""ЯНСЬКА ВК №101 ""ВIЛЬНЯНСЬКОГО Р-НУ",0.063
Харківська,631381,08680906,"ДП ""ПIДПРИЄМСТВО ДЕРЖАВНОЇ КРИМIНАЛЬНО-ВИКОНАВЧОЇ СЛУЖБИ УКР",0.075
Кіровоградська,350109,13756426,"ОКВП ""ДНIПРО-КIРОВОГРАД""  ОЛЕКСАНДРIЙСЬКЕ ВКГ",2.018
Львівська,461218,13820029,"ТОВ НВП ""КОРПОРАЦIЯ КРТ""",0.016
Рівненська,560326,13995220,ДЕМИДIВСЬКЕ ВУЖКГ,0.021
Сумська,590441,13996403,"КП ""ГОСПОДАР"", СМТ.ХОТIНЬ, СУМСЬКИЙ Р-Н",0.012
Сумська,590437,14025535,"ПIДПРИЄМСТВО ""ТРОСТЯНЕЦЬКОМУНСЕРВIС"", М.ТРОСТЯНЕЦЬ",0.256
Харківська,631749,14061643,"ПВКФ ""ЛОСК"", ХАРКIВСЬКИЙ Р-Н",0.014
Харківська,631679,14107285,КЗ ЗЕЛЕНОГАЙСЬКИЙ СПЕЦIАЛЬНИЙ ЗАГАЛЬНО ОСВIТНIЙ НАВЧАЛЬНО ВИ,0.003
Хмельницька,680396,14153813,ПВКГ  М. КРАСИЛIВ,0.194
Чернівецька,770276,14257808,"ПП ""КОЛОС""",0.015
Чернівецька,770089,14271932,"УПРАВЛIННЯ ""ТЕПЛОВОДОКАНАЛ"", м.НОВОДНIСТРОВСЬК",0.255
Київська,320045,14307529,"АНТК ""АНТОНОВ"" М.2 с.м.т.ГОСТОМЕЛЬ",0.225
Дніпропетровська,120498,14308368,"ДП ВО ""ПМЗ IМ. МАКАРОВА"", М. ДНIПРО",1.368
Дніпропетровська,120074,14310112,"ДП НВО ""ПАВЛОГРАДСЬКИЙ ХIМIЧНИЙ ЗАВОД""",0.355
Дніпропетровська,120078,14311614,"АТ ""ДНIПРОПЕТРОВСЬКИЙ АГРЕГАТНИЙ ЗАВОД""",0.005
Харківська,630116,14315500,"ДП ""ХАРКIВСЬКИЙ ПРИЛАДОБУДIВНИЙ ЗАВОД IМ.Т.Г.ШЕВЧЕНКА""",0.051
Івано-Франківська,260467,14316927,"ДУ ""ДОЛИНСЬКИЙ ВИПРАВНИЙ ЦЕНТР № 118"" С. ТРОСТЯНЕЦЬ  ДОЛИНСЬ",0.002
Львівська,460903,19163911,"ТЗОВ ""ОЗЕРО""",0.003
Дніпропетровська,121212,19311369,"ТОВ ВКФ ""НАЙС"" М. ДНIПРО",45.66
Івано-Франківська,260477,19400274,ГВIЗДЕЦЬКЕ  ККП  С-ЩЕ ГВIЗДЕЦЬ КОЛОМИЙСЬКОГО Р-НУ,0.008
Івано-Франківська,260013,19400280,ВЕРХОВИНСЬКЕ ВКП СМТ ВЕРХОВИНА,0.022
Донецька,140929,20315181,"КП ""КОМПАНIЯ ВОДА ДОНБАСУ"" МИРНОГРАДСЬКЕ ВУВКГ М.МИРНОГРАД",3.708
Житомирська,180677,20417050,"КП ""IРШАНСЬКЕ  КОМУНАЛЬНЕ ПIДРИЄМСТВО"" IРШАНСЬКОЇ СЕЛИЩНОЇ Р",0.249
Житомирська,180495,20417222,"КОРОСТИШIВСЬКЕ МIСЬКЕ КОМУНАЛЬНЕ ПIДПРИЄМСТВО ""ВОДОКАНАЛ""",0.482
Івано-Франківська,260281,20549521,"ВОРОХТЯНСЬКА НАВЧ.СПОРТ.БАЗА ""ЗАРОСЛЯК"" СМТ.ВОРОХТА",0.003
Львівська,460100,20794427,"КП ""КАМ`ЯНКАВОДОКАНАЛ""",0.183
Львівська,460573,20794427,"КП ""КАМ`ЯНКАВОДОКАНАЛ""  (СМТ. НОВИЙ ЯРИЧIВ)",0.005
Львівська,460004,20801937,"КП ""БРОДИВОДОКАНАЛ""",0.062
Львівська,460209,20845840,СОКАЛЬСЬКЕ МКП ВОДОПРОВIДНО-КАНАЛIЗАЦIЙНОГО ГОСПОДАРСТВА,0.881
Одеська,510739,20937068,"КП ""Б.-ДНIСТРОВСЬКВОДОКАНАЛ"" М.Б.-ДНIСТРОВСЬКИЙ",1.567
Полтавська,530412,21067735,"ПИРЯТИНСЬКI ГОСПРОЗРАХУНКОВI ОЧИСНI СПОРУДИ, М. ПИРЯТИН",0.636
Рівненська,560479,21082717,"САНАТОРIЙ ""ЧЕРВОНА КАЛИНА"" РIВНЕНСЬКИЙ РАЙОН С.ЖОБРИН",0.019
Сумська,590435,21103081,"КП ""ВОДОКАНАЛ"", М.ЛЕБЕДИН",0.074
Тернопільська,610373,21162244,"ВАТ ""САНАТОРIЙ ""МЕДОБОРИ"", с.КОНОПКIВКА",0.046
Харківська,630792,21183364,ВККУ ЛЮБОТИНСЬКОЇ МIСЬКОЇ РАДИ,0.092
Харківська,630389,21252504,"""НОВОВОДОЛАЗЬКЕ ВКП"",  СМТ.Н.ВОДОЛАГА",0.095
Хмельницька,680631,21312761,ХМЕЛЬН.ОБЛ.ГОСПIТАЛЬ ВЕТЕРАНIВ ВIЙНИ С.РУЖИЧАНКА ХМЕЛЬНИЦЬКО,0.036
Черкаська,710169,21374420,"КП ""ВОДОКАHАЛ"", М.КОРСУHЬ-ШЕВЧЕНКIВСКИЙ",0.035
Запорізька,231316,2176114090,"ФОП  ""СОСКОВ Ю.Є."" М.ЗАПОРIЖЖЯ",0.005
Закарпатська,210613,22115583,"СМТ.ВИШКОВО, ВУЖКГ",0.009
Львівська,461108,22338461,"ОКЗ ""ПIДКАМIНСЬКА СПЕЦ. ЗАГАЛ. ОСВIТ. ШКОЛА - IНТЕР. I-III С",0.001
Львівська,460400,22344616,"КП ""ГОРОДОЦЬКЕ ВОДОПРОВIДНО-КАНАЛIЗАЦIЙНЕ ГОСПОДАРСТВО"" (М.",0.061
Львівська,460878,22358363,"КП ""НЕСЛУХIВ""",0.002
Львівська,460199,22390774,СКОЛIВСЬКЕ КОМУНАЛЬНЕ ПIДПРИЄМСТВО ВОДОПРОВIДНО-КАНАЛIЗАЦ. Г,0.041
Львівська,460876,22423391,ЖКС ПРИ ДАШАВСЬКIЙ СЕЛИЩНIЙ  РАДI,0.005
Рівненська,560314,22585030,"КП ""КОСТОПIЛЬВОДОКАНАЛ""",0.498
Харківська,630798,22714272,ПЕРВОМАЙСЬКЕ КПУВКГ,0.73
Сумська,590438,22984356,"КП СЕРЕДИНО-БУДСЬКА ЖРЕД, СМТ.СЕРЕДИНА-БУДА",0.053
Кіровоградська,350128,23221436,НОВОУКРАIНСЬКЕ ЖКП,0.061
Хмельницька,680723,23653503,"САНАТ-ПРОФIЛАКТ ""ЯБЛУНЕВИЙ САД""ХМОБЛЕНЕРГО""С.ЖИЛИНЦI ЯРМОЛИН",0.005
Хмельницька,680748,23836907,РЕГIОНАЛЬНИЙ ЦЕНТР СПЕЦIАЛЬНОГО  КОНТРОЛЮ  С.ЛАСТIВЦI КАМ.-П,0.001
Сумська,590843,23868186,"ФОП ШКАРУПА О.В., С.САД, СУМСЬКИЙ Р-Н",0.035
Дніпропетровська,121019,23935242,"ТОВ ""ЛЮБИМIВСЬКИЙ КАР'ЄР"", ДНIПРОПЕТРОВСЬКИЙ Р-Н",0.311
Кіровоградська,350348,24153091,"СМОЛIНСЬК ВКГ ОКВП ""ДНIПРО-КIРОВОГРАД""",0.339
Рівненська,560323,24176488,"ДКП ""РОКИТНЕВОДОКАНАЛ""",0.022
Львівська,461215,24298033,БУДИНКО УПРАВЛIННЯ  №1 ЯВIРСЬКОЇ КЕЧ,0.031
Харківська,631306,24339861,"ЛИМАНСЬКЕ ДПРСП, ЗМIЇВСЬКИЙ Р-Н",1.725
Черкаська,710180,24359125,"ВАТУТIНСЬКЕ КВП ""ВОДОКАНАЛ"", М. ВАТУТIНЕ, ЗВЕНИГОРОДСЬКИЙ Р-",0.599
Дніпропетровська,120868,24432974,"ШУ З ПIДЗЕМНОГО ВИДОБУТКУ РУДИ ПАТ ""АРСЕЛОРМIТТАЛ КРИВИЙ РIГ",0.972
Харківська,631955,24478597,"ХОБФ ""СОЦIАЛЬНА СЛУЖБА ДОПОМОГИ"", М.ХАРКIВ",0.002
Харківська,630396,24673063,IЗЮМСЬКЕ КВКП,0.713
Житомирська,180672,24964524,МАКАРIВСЬКА КВАРТИРНО-ЕКСПЛУАТАЦIЙНАЯ ЧАСТИНА РАЙОНУ  РАДОМИ,0.171
Житомирська,180058,24978549,БУДИНКОУПРАВЛIННЯ  №3 ЖИТОМИРСЬКОЇ  КЕЧ  СМТ.ОЗЕРНЕ ЖИТОМИРС,0.352
Одеська,510976,25032395,"КУЧУРГАНСЬКА ФIЛIЯ ВАТ""ОД.КОНСЕРВН.ЗД ДИТЯЧОГО ХАРЧУВАННЯ""С.",0.148
Одеська,510259,25040503,"ТОВ СП ""АКВАВIНТЕКС""  С.В.ДОЛИНА ОВIДIОПIЛЬСЬКИЙ Р-Н",0.007
Львівська,460148,25231485,"МКП ""ПЕРЕМИШЛЯНИВОДОКАНАЛ""",0.092
Львівська,461159,25237849,"ДП ""ПЛАЙ""",0.003
Львівська,461099,25240099,"ПП ""ФОРУМ-2""",0.004
Дніпропетровська,120556,25842467,"ФIЛIЯ ПРУВОКС ПАТ ""ДТЕК  ПАВЛОГРАДВУГIЛЛЯ"", М. ПАВЛОГРАД",15.89
Донецька,142021,25954611,"КРАСНОЛИМАНСЬКЕ БМЕУ,М.ЛИМАН",0.034
Донецька,142028,25954611,"КРАСНОЛИМАНСЬКЕ БМЕУ,СТ.СIЛЬ",0.003
Хмельницька,680734,25978652,"ГРОМАДСЬКЕ ОБ""ЄДН.""ВIКТОРIЯ""  ЗАЛIЗН.СТАНЦ.ЯРМОЛИНЦI",0.034
Луганська,90087,26349183,"ВП ""ШАХТА IМ.Д.Ф.МЕЛЬНИКОВА"" ПАТ""ЛИСИЧАНСЬКВУГIЛЛЯ"" М.ЛИСИЧА",0.045
Луганська,90095,26402983,"ВП ШАХТА""КАРБОНIТ"" ДП""ПЕРВОМАЙСЬКВУГIЛЛЯ"" П.КАРБОНIТ",0.022
Одеська,510760,26472133,"ТОВ ""ФIЛIЯ ""IНФОКСВОДОКАНАЛ"" М.ОДЕСА",9.34
Харківська,631850,2826721791,"ФОП ЧЕРНОВ А.С., КРАСНОКУТСЬКИЙ Р-Н",0.08
Донецька,144090,2868702171,ФОП ГЕРАСИМЕНКО С.А. М. ДОБРОПIЛЛЯ,0.154
Харківська,631791,2908006665,"ФОП ЗУЄВА К.А. (ТУР.КОМПЛЕКС ""ДОНЕЦЬКИЙ ЮРТ"" IЗЮМСЬКИЙ Р-Н",0.003
Харківська,630724,30039194,БОРIВСЬКЕ КВ ВКП,0.069
Дніпропетровська,120665,30063871,"ПРАТ ""ПЕТРИКIВСЬКИЙ РИБГОСП"", ПЕТРИКIВСЬКИЙ Р-Н",5.47
Хмельницька,680724,30064105,"ПРИВАТНЕ ПIДПР. ""АГРОПРОДУКТ""  С. МАЛАШIВЦI ХМЕЛЬНИЦЬКОГО Р-",0.002
Львівська,460869,30124106,КП ЛОПАТИНСЬКОЇ СЕЛИЩНОЇ РАДИ,0.019
Харківська,631468,30142319,"ТОВ ""ПРИКОЛОТНЯНСЬКИЙ ОЕЗ""ВЕЛИКОБУРЛУЦЬКИЙ Р-Н",0.169
Івано-Франківська,260638,30281318,СОЛОТВИНО ЖКГ,0.003
Івано-Франківська,260617,30497054,"ЖКП ""ТЕХНОСЕРВIС"" С.ПЯДИКИ КОЛОМИЙСЬКОГО Р-НУ",0.015
Рівненська,560900,30536302,КМКП М.КУЗНЕЦОВСЬК,2.75
Одеська,510738,30615813,"КВЄП ""ПОДIЛЬСЬКВОДОКАНАЛ"" М.ПОДIЛЬСЬК",0.659
Харківська,631925,30753688,"ПРАТ ""КОЛОС"", ДЕРГАЧIВСЬКИЙ Р-Н",0.026
Львівська,460986,30769965,"КП ""ГОСПОДАРНИК""",0.012
Черкаська,711602,30794986,"КП ""ВОДГЕО"", М.СМIЛА",1.116
Тернопільська,610039,30811696,"ЗАТ ""БУЧАЦЬКИЙ СИРЗАВОД"", м.БУЧАЧ",0.006
Івано-Франківська,260525,30905968,"ТОВ ""УНIПЛИТ"" СМТ.ВИГОДА",0.179
Тернопільська,610172,30919609,"КП ""МОНАСТИРИСЬКИЙ КОМУНСЕРВIС"", м.МОНАСТИРИСЬКА",0.026
Закарпатська,210445,30920038,"М.ПЕРЕЧИН, КП""КОМУНАЛЬНИК""",0.167
Херсонська,651528,30924247,"ФГ ""ПIВДЕННЕ"", С.ОЛЕКСIЇВКА, КАЛАНЧАЦЬКИЙ Р-Н",0.393
Рівненська,560317,30925565,"КП ""АКВА"" СМТ.ВОЛОДИМИРЕЦЬ",0.13
Запорізька,231235,30952117,"ТОВ ""МЕЛIТОПОЛЬСЬКИЙ ""АВТОГIДРОАГРЕГАТ"" М.МЕЛIТОПОЛЬ",0.009
Київська,322344,30965880,"ТОВ""БЕЛЛА-ЦЕНТР"" М. БЕРЕЗАНЬ",0.005
Закарпатська,210760,31002482,"СМТ.БУШТИНО, КП""БУШТИНОСЕРВIС""",0.006
Львівська,460841,31042894,ЖИТЛОВО КОМУНАЛЬНИЙ ВIДДIЛ ВИКОНКОМУ РОЗДIЛЬСЬКОЇ СЕЛИЩНОЇ Р,0.02
Івано-Франківська,260642,31075296,"ДО ""РЕЗИДЕНЦIЯ ""СИНЬОГОРА"" с.ГУТА",0.004
Полтавська,530745,31082371,"СКП  ""СЯЙВО"",  С. ЗАСУЛЛЯ  ЛУБЕНСЬКИЙ РАЙОН",0.036
Закарпатська,210819,31147627,"С.ОРОСIЕВО, ТОВ""ЧИЗАЙ""",0.004
Львівська,460843,31164710,НОВОКАЛИНIВСЬКЕ ВИРОБ. УПРАВ. ЖИТЛОВО-КОМУНАЛЬНОГО ГОСПОДАРС,0.054
Одеська,511073,31250097,"МКП ""ТЕПЛОДАРВОДОКАНАЛ"" М.ТЕПЛОДАР",0.291
Тернопільська,610167,31273711,"МКП ""КОМУНАЛЬНИК"", м.СКАЛАТ",0.011
Тернопільська,610007,31274165,"МКП ""ДОБРОБУТ"", м.БЕРЕЖАНИ",0.181
Донецька,142098,31297266,"ТОВ НВО ""IНКОР I К"" КХП ""ФЕНОЛЬНИЙ З-Д"", М.ТОРЕЦЬК",0.083
Тернопільська,610514,31299750,"ВЕЛИКОГАЇВСЬКИЙ СIЛЬКОМУНГОСП, с. В.ГАЇ",0.012
Львівська,460900,31358171,"ТЗОВ ""ЛЕОНI ВАЕРIНГ СИСТЕМС УА ГМБХ""",0.06
Одеська,511190,31378219,"КП ""ВОДОПОСТАЧАЛЬНИК"" М.ТАТАРБУНАРИ",0.048
Луганська,90315,31380846,"ПАТ ЛИСИЧАНСЬКИЙ СКЛОЗАВОД ""ПРОЛЕТАРIЙ""",0.23
Хмельницька,680398,31425132,"ГОСПРОЗРАХ.ПIДПР. ""ВОДОКАНАЛ""  СМТ НОВА УШИЦЯ",0.022
Житомирська,180692,31434346,"ТОВ ""КОМПЛЕКС ЕКОЛОГIЧНИХ СПОРУД"" М.БЕРДИЧIВ",0.49
Кіровоградська,350561,31446367,"СУБОТСЬКЕ СКП ""СIЛЬКОМУНГОСП"". ЗНАМ'ЯНСЬКИЙ Р-Н",0.007
Миколаївська,480344,31448144,"МКП ""МИКОЛАЇВВОДОКАНАЛ""",19.39
Львівська,461282,31475377,"ТЗОВ ""ДП МП УКРАЇНА""",0.001
Львівська,460248,31475513,ПЖКГ МОРШИНСЬКОЇ МIСЬКОЇ РАДИ,0.477
Львівська,461188,31487623,"ПРИВАТНА ВИРОБНИЧА ФIРМА ""М'ЯСОПРОМ""",0.007
Львівська,460567,31490044,"КП ""ПУСТОМИТИВОДОКАНАЛ""",0.165
Харківська,631560,31502976,"ТОВ ""БIЛДIНГ-СЕРВIС1"" ЗМIЇВСЬКИЙ Р-Н",1
Миколаївська,480669,31529081,"КП ""МIСЬКВОДОКАНАЛ"" (М.БАШТАНКА)",0.182
Рівненська,560800,31542385,"КП ""ВОДОКАНАЛ"" М.ОСТРОГ",0.175
Львівська,461260,31547320,"ПIДПРИЄМСТВО ""СТОЖАРИ"" ГIО ""ВЕЛЕС""",0.008
Рівненська,560001,31570412,"НПС ""НОВИНИ"" С.ПЛОСКА ОСТРОЗЬКИЙ РАЙОН",0.006
Полтавська,530272,31609905,"ЖИТЛОВО-КОМУНАЛЬНЕ ПIДПРИЄМСТВО, С. ПЕТРIВКА-РОМЕНСЬКА  ГАДЯ",0.024
Дніпропетровська,120112,31657751,"КП ""ТЕРНIВСЬКЕ ЖКП""",1.291
Львівська,460716,31677100,"ДП ""ВОДОКАНАЛ"" (М. ХОДОРIВ)",0.011
Полтавська,530498,31728762,"КП ""ЖЕО ""ТЕРЕШКIВСЬКОЇ С/Р"", С. ТЕРЕШКИ ПОЛТАВСЬКИЙ РАЙОН",0.117
Кіровоградська,350385,31754698,"ЖКП ""ОБРIЙ""С.КАТЕРИНIВКА",0.007
Сумська,590654,31766074,"ДП ""СТОК-СЕРВIС"" ПП ""ЕЛIПС"", М.РОМНИ",0.874
Херсонська,650491,31793187,"ПП ПЗОВ ДОТ ""АВРОРА"", М.СКАДОВСЬК",0.002
Дніпропетровська,120883,31802573,"ПРАТ ""ЕНЕРГОРЕСУРСИ"", М. НIКОПОЛЬ",3.371
Дніпропетровська,120402,31802662,"СМКП ""ВОДОКАНАЛ"", М. СИНЕЛЬНИКОВЕ",0.588
Тернопільська,610192,31877324,"ПМП ""КОМУНСЕРВIС"", смт.МИКУЛИНЦI",0.043
Закарпатська,210730,31880143,"СМТ.КОБЕЛЕЦЬКА ПОЛЯНА, ВЖКП",0.007
Чернівецька,770351,31887196,"ТОВ ТПК ""ГРIН РЕЙ"" м. НОВОСЕЛИЦЯ, ВУЛ. ГОЛОВНА, 93",0.002
Сумська,590688,31952165,"ДКП ""НЕДРИГАЙЛIВВОДОСЕРВIС"", НЕДРИГАЙЛIВСЬКИЙ Р-Н",0.038
Тернопільська,610145,31966157,"КП ПО БЛАГОУСТРОЮ ЛАНОВЕЦЬКОЇ МIСЬКРАДИ, м.ЛАНIВЦI",0.068
Тернопільська,610092,31973452,"МКП ""ЗБАРАЖ"", м.ЗБАРАЖ",0.143
Хмельницька,680392,32013356,"КОМУН.ПIДПР.""МIСЬКВОДОКАНАЛ""  М. ДУНАЇВЦI",0.158
Сумська,590728,32024017,"ТОВ ""ТЕПЛОЕНЕРГО"", СМТ.КРАСНОПIЛЛЯ",0.039
Луганська,90457,32026192,"КП ""РУБIЖАНСЬКЕ ВИРОБНИЧЕ УПРАВЛIННЯ ВОДОПРОВIДНО-КАНАЛIЗАЦI",2.459
Дніпропетровська,121140,32049199,"ТОВ ""МЕТРО КЕШ ЕНД КЕРРI УКРАЇНА"" ТЦ - 26, ДН-ВСЬКИЙ Р-Н",0.003
Донецька,144307,32049199,"ТОВ ""МЕТРО КЕШ ЕНД КЕРI УКРАЇНА"", М. МАРIУПОЛЬ",0.02
Харківська,632174,32049199,"ТОВ ""МЕТРО КЕШ ЕНД КЕРI УКРАЇНА"", М.ХАРКIВ",0.004
Закарпатська,210611,32074563,"СМТ.ДУБОВЕ, КП ДУБIВСЬКЕ ПIДПРИЄМСТВО ПО ВОДОПОСТАЧАННЮ",0.043
Івано-Франківська,260192,32167199,"МКП ""КОСIВМIСЬКВОДОСЕРВIС"" М.КОСIВ",0.073
Одеська,511841,32179991,"ПП ""ВIТЯЗЬ"" М.КIЛIЯ",0.255
Дніпропетровська,120685,32182594,"КП  ""ЖОВТОВОДСЬКИЙ ВОДОКАНАЛ"" ДОР, М. ЖОВТI ВОДИ",2.452
Сумська,590431,32194437,"КП ""БУРИНЬ-ТЕПЛОСЕРВIС"", М.БУРИНЬ",0.053
Вінницька,50605,32213302,"ШАРГОРОДСЬКЕ КОМУНАЛЬНЕ ПIДПРИЄМСТВО ""КОМУНСЕРВIС""",0.073
Хмельницька,680397,32231431,"КОМУН.ГОСПРОЗРАХУНКОВЕ ПIДПР.""ЗЛАГОДА"" СМТ ЛЕТИЧIВ",0.044
Одеська,511082,32266160,"КП ""ВОДОПОСТАЧ"" СМТ.ОВIДIОПОЛЬ",0.014
Тернопільська,610131,32291616,"КП ""МIСЬКВОДГОСП"", м.КРЕМЕНЕЦЬ",0.32
Луганська,91268,32292929,"ПРАТ ""ЛИНIК"" М.ЛИСИЧАНСЬК",0.089
Дніпропетровська,120190,32293435,"ТОВ ""ОБ`ЄДНАННЯ НОВОМИКОЛАЇВСЬКИЙ КАР`ЄР"", С. НОВОМИКОЛАЇВКА",0.249
Одеська,510747,32319458,"КП ""СВIТЛО"" М.КIЛIЯ",0.148
Харківська,632139,32335218,"КП ОБЛАСНИЙ IНФОРМАЦIЙНО-ТЕХНIЧНИЙ ЦЕНТР ,М.ХАРКIВ",0.03
Івано-Франківська,260759,32356196,"КП ""СЕЛИЩНЕ КОМУНАЛЬНЕ ПIДПР-ВО"" С-ЩЕ ВОРОХТА",0.012
Запорізька,230325,32359252,"ГКП ВКГ ""МIСЬКВОДОКАНАЛ"" ПМР М. ПОЛОГИ",0.428
Дніпропетровська,120103,32365106,"ДП ""САНАТОРIЙ ""СЛАВУТИЧ"", М. ВЕРХНЬОДНIПРОВСЬК",0.04
Рівненська,560981,32404202,"КП ""ЕКОСЕРВIС"" М.САРНИ",0.404
Запорізька,231899,32407360,"КП ""БIЛЕНЬКЕ"" ЗАПОРIЗЬКИЙ Р-Н",0.031
Кіровоградська,350129,32443021,"ДКП ""КОМУНАЛЬНИК"" СМТ.ОНУФРIIВКА",0.008
Харківська,631586,32449112,КП ЗОЛОЧIВСЬКЕ РАЙОННЕ ЖКГ,0.011
Херсонська,651315,32503478,"КП ""ОЧИСНI СПОРУДИ"",М.СКАДОВСЬК",0.084
Тернопільська,610022,32517370,"ДП ""ТЕХНIКА"", м.БОРЩIВ",0.119
Кіровоградська,350119,32537046,"БОБРИНЕЦЬКЕ МКП ""МIСЬКВОДОКАНАЛ""",0.05
Харківська,631695,32565419,"ТОВ ""ЛОЗIВСЬКИЙ КОВАЛЬСЬКО-МЕХАНIЧНИЙ ЗАВОД""",0.351
Черкаська,710166,32585571,"КП ""КАМЯНСЬКИЙ ВОДОКАHАЛ"", М. КАМЯНКА",0.044
Черкаська,711434,32601205,"КП ""МIСЬКИЙ ВОДОКАНАЛ"", М.ЗОЛОТОНОША",0.763
Львівська,460898,32673400,"ТЗОВ ""КОРМОТЕХ""",0.015
Вінницька,50991,32721820,"КВЕП ""ВАПНЯРКАВОДОКАНАЛ"" ТОМАШПIЛЬСЬКИЙ Р-Н",0.01
Дніпропетровська,121183,32723351,"ТОВ ""ТОРГIВЕЛЬНО ТРАНСПОРТНА КОМПАНIЯ"", ДНIПРОПЕТРОВСЬКИЙ Р-",0.001
Житомирська,180687,32746557,"БЕРЕЗIВСЬКЕ БАГАТОФУНКЦIОНАЛЬНЕ КОМУНАЛЬНЕ ПIД-ВО ""КАСКАД"" Ж",0.002
Львівська,460200,32747220,СЛАВСЬКЕ КОМУНАЛЬНЕ ВОДОКАНАЛIЗАЦIЙНЕ ПIДПРИЄМСТВО,0.043
Івано-Франківська,260640,32765297,"КП ""ЖЕК"" БРОШНIВ-ОСАДСЬКОЇ ОТГ С-ЩЕ БРОШНIВ",0.093
Одеська,511084,32795506,"КП ""ВОДОКАНАЛ"" М.АРЦИЗ",0.206
Харківська,631662,32859154,"КП ""ДЖЕРЕЛО"", М.КРАСНОКУТСЬК",0.044
Львівська,461234,32863918,"ПП ""ЗЕЛЕНИЙ БIР"" ЛIКУВАЛЬНО-ОЗДОРОВЧИЙ КОМПЛЕКС",0.001
Чернігівська,741061,32895627,"КП ""КОЗЕЛЕЦЬВОДОКАНАЛ"" СМТ. КОЗЕЛЕЦЬ",0.04
Чернігівська,741057,32936720,"КП ""БАХМАЧ - ВОДСЕРВIС"" М. БАХМАЧ",0.205
Харківська,632149,32950991,"ПП ""ЦЕФЕЙ"", ДЕРГАЧIВСЬКИЙ Р-Н",0.005
Львівська,460973,32993129,"ДОЧ. П. ""ЕН ДЖI МЕТАЛ УКРАЇНА"" КОМП. Н.ГРАВЕСЕН МЕТАЛВАРЕФАБ",0.003
Київська,321962,33018727,КПП ГЛЕВАХСЬКА СIЛЬСЬКА РАДА ВАСИЛЬКIВСЬКИЙ Р-Н,0.429
Львівська,460279,33073442,"ДП ""МIЖНАРОДНИЙ АЕРОПОРТ ""ЛЬВIВ""  IМ. ДАНИЛА ГАЛИЦЬКОГО",0.459
Дніпропетровська,121021,33075778,"КП ""ФРУНЗЕНСЬКЕ ЖКП"" ШИРОКIВСЬКИЙ Р-Н",0.024
Львівська,460910,33080156,"КП ""РАВА-РУСЬКЕ БУДИНКОУПРАВЛIННЯ № 2""",0.103
Львівська,460060,33086713,"ТЗОВ ""ТРУСКАВЕЦЬКИЙ ВОДОКАНАЛ""",0.525
Миколаївська,480348,33089321,"КП ""ПЕРВОМАЙСЬКИЙ МIСЬКИЙ ВОДОКАНАЛ""",1.246
Чернівецька,770034,33089761,ЗАСТАВНIВСЬКЕ ВУЖКГ,0.046
Чернівецька,770092,33094368,СОКИРЯНСЬКЕ ВУЖКГ,0.123
Сумська,590543,33107963,"ФIЛIЯ ПРАТ""СЛОБОЖАНСЬКА БУДIВЕЛЬНА КЕРАМIКА"", С. ПЛАВИНИЩЕ,",0.02
Чернівецька,770031,33108794,"ВАТ ""ЦУКРОВИЙ ЗАВОД ""ХРЕЩАТИК"" СМТ КОСТРИЖIВКА",0.02
Одеська,510144,33113076,"КIЛIЙСЬКИЙ СУДНОБУДIВЕЛЬНО-СУДНОРЕМОНТНИЙ ЗАВОД"" ПРАТ ""УДП""",0.03
Кіровоградська,350116,33124135,"КП ""МАЛА ВИСКА ВОДОКАНАЛ""",0.056
Херсонська,651793,33124250,"ТОВ ""РИС УКРАЇНИ"", СКАДОВСЬКИЙ Р-Н",1.58
Київська,322075,33155734,"ТОВ ""ОВОСТАР""С, КАЛИНIВКА МАКАРIВСЬКИЙ Р-Н",0.051
Сумська,590440,33246103,"КП ЖКГ ""ЛИПОВОДОЛИНСЬКЕ"", СМТ. Л.ДОЛИНА",0.022
Харківська,630390,33258999,"КП  ""БОГОДУХIВВОДА""",0.035
Луганська,91336,33270581,"ПАТ ""СЄВЄРОДОНЕЦЬКЕ ОБ`ЄДНАННЯ""АЗОТ"" М.СЄВЄРОДОНЕЦЬК",5.547
Сумська,590490,33370269,"ПАТ ""ОХТИРСЬКИЙ СИРКОМБIНАТ"" ПП ""РОСЬ"", М. ОХТИРКА",0.022
Чернігівська,741148,33380497,"КОМУНАЛЬНЕ ПIДПРИЕМСТВО ВКГ ""IЧЕНЬ"" М. IЧНЯ",0.219
Донецька,142825,33380539,"ПРАТ  ""УКРАЇНСЬКИЙ БЕКОН"", М. КОСТЯНТИНIВКА",0.067
Сумська,590866,33429825,"КП ""ВОДОКАНАЛ"", М.БIЛОПIЛЛЯ",0.149
Львівська,460174,33465198,"КП ""РАДЕХIВСЬКЕ ВКГ""",0.132
Львівська,461096,33505963,"ТЗОВ ""ТОВАРИСТВО З IНОЗЕМНИМИ IНВЕСТИЦIЯМИ ""ГОРАРИ""",0.01
Івано-Франківська,260267,33586885,"КП ""ТЛУМАЧ-ВОДОКАНАЛ"" С.ГОНЧАРIВКА ТЛУМАЦЬКОГО Р-НУ",0.099
Чернівецька,770321,336338873,"ТОВ ""БУКОФРУТ"" с.МАМАЇВЦI, КIЦМАНСЬКОГО РАЙОНУ",0.031
Львівська,461177,33694992,"ТЗОВ ""ПАРАДIС СЕРВIС"" ГОТЕЛЬНИЙ КОМПЛ. З ЛIКУВ.ВЛАСТИВОСТЯМИ",0.003
Дніпропетровська,120397,33855098,"КВП КМР ""МIСЬКВОДОКАНАЛ"", М. КАМЯНСЬКЕ",3.874
Тернопільська,610262,34043157,"КП ""ШУМСЬК КОМУНСЕРВIС"", смт.ШУМСЬК",0.045
Дніпропетровська,120821,34059188,"ПРАТ ""ХIМДИВIЗIОН"", М. КАМЯНСЬКЕ",0.329
Чернівецька,770115,34091022,ХОТИНСЬКЕ ВУЖКГ,0.083
Одеська,510723,34108926,"КП ""АНАНЬЇВ-ВОДОКАНАЛ"" М.АНАНЬЇВ",0.028
Кіровоградська,350113,34200667,"КП ""ОБЕРIГ"" СМТ.ОЛЕКСАНДРIВКА",0.046
Львівська,461244,34219442,"ТЗОВ ""РIО ШАМПIНЬЙОН""",0.008
Одеська,512026,34220311,"КП""БАЛТАВОДОКАНАЛ"" М.БАЛТА",0.135
Кіровоградська,350118,34262959,"КП ""НIЛОТ"" СМТ.ДОБРОВЕЛИЧКIВКА",0.032
Хмельницька,680722,34282630,"КОМУН.ПIДПР.""КОМУНАЛЬНИК-СБ""  ЗАЛIЗН.СТАНЦ. БОГДАНIВЦI ХМЕЛЬ",0.041
Житомирська,180697,34283298,"КОМУНАЛЬНЕ ПIДПРИЄМСТВО ""ГОЛОВИНО-ДОБРОБУТ"" ЧЕРНЯХIВСЬКИЙ Р-",0.014
Закарпатська,210444,34406814,"М.ЧОП, МКГ ЖКГ""ТИСА""",0.245
Харківська,631731,34445649,"ТОВ ""СТРIЛЕЧА ВОДОКАНАЛ, ЖИТЛО, ПОБУТСЕРВIС"", ХАРКIВСЬКИЙ Р-",0.056
Харківська,630385,34473807,"КП ""ВОДА"" ВАЛКIВСЬКОЇ РАЙОННОЇ РАДИ",0.078
Луганська,91429,34502350,"ТДВ ""ПОПАСНЯНСЬКИЙ ВАГОНОРЕМОНТНИЙ ЗАВОД""",0.066
Чернівецька,770322,34508403,"КП ""НОВОСЕЛИЦЬКА МIСЬКА ТЕПЛОМЕРЕЖА"" м.НОВОСЕЛИЦЯ,ВУЛ.1 ТРАВ",0.082
Полтавська,531157,34544301,"ТОВ ""МЕТРО КЕШ ЕНД КЕРI УКРАЇНА"", С.СУПРУНIВКА ПОЛТАВСЬКИЙ Р",0.014
Донецька,144311,34550708,"ТОВ ""МАРIСТ-ТРЕЙД"", М.МАРIУПОЛЬ",0.03
Херсонська,652543,34554587,"ТОВ ""СЛАВИЧ.А"" ГОЛОПРИСТАНСЬКИЙ Р-Н",0.002
Тернопільська,610367,34581427,"БУЧАЦЬКИЙ КОЛЕДЖ ПОДIЛЬСЬКОГО АТУ, с.ТРИБУХIВЦI",0.014
Дніпропетровська,120071,34614593,"ТОВ ""КОМПАНIЯ ЕНЕРГОМАКС"" М. КРИВИЙ РIГ",0.008
Дніпропетровська,120400,34621490,"КП ДОР ""АУЛЬСЬКИЙ ВОДОВIД""",5.755
Львівська,461259,3463805770,ФОП МАТВIЇШИН IГОР ОЛЕГОВИЧ,0.01
Харківська,632042,34643996,"ПП ""ЦУКРОВИК-АГРО"", КРАСНОКУТСЬКИЙ Р-Н",0.068
Тернопільська,610525,34699310,"ПП ""АГРОСПЕЦГОСП""",0.016
Житомирська,180681,34747369,"КОМУНАЛЬНЕ ПIДПРИЄМСТВО ""ПРОЛIСОК"" НОВОIВНИЦЬКОЇ СIЛЬСЬКОЇ Р",0.055
Львівська,461214,34754711,"ПП ""КАПIТАЛЬНЕ БУДIВНИЦТВО I РЕМOНТ""",0.089
Харківська,631744,34793588,"КП ""ПРОХОДIВСЬКЕ ДЖЕРЕЛО"", ДЕРГАЧIВСЬКИЙ Р-Н",0.01
Тернопільська,610517,34852936,"ТОВТСТЕНСЬКЕ КП, смт. ТОВСТЕ",0.013
Запорізька,230039,34879497,ТРУДIВСЬКЕ КАР`ЄРОУПРАВЛIННЯ С.ТРУДОВЕ КУЙБИШЕВСЬКИЙ РАЙОН,0.003
Львівська,461063,34962417,"ТЗОВ ""МИКОЛАЇВСЬКА РМС""",0.364
Закарпатська,210440,35056062,"М.БЕРЕГОВО, ТОВ""ВОДОКАНАЛ КАРПАТВIЗ""",0.362
Чернігівська,740462,35074998,"КП ""ГОСПОДАР"" ВАРВИНСЬКОЇ СЕЛИЩНОЇ РАДИ СМТ. ВАРВА",0.101
Закарпатська,210443,35104655,"СМТ.ВОЛОВЕЦЬ, КПВС""ВОДОКАНАЛСЕРВIС""",0.024
Запорізька,231468,35124781,"ВК ""ФРУКТОВЕ"" МЕЛIТОПIЛЬСЬКИЙ Р-Н",0.01
Львівська,460389,35148383,"КП ""ОБРОШИН""",0.062
Львівська,461191,35173399,"ТЗОВ ""АГРАРНА ПЕРСПЕКТИВА"" С. ВОЛИЦЯ  МОСТИСЬКИЙ Р-Н",0.025
Рівненська,561076,35190220,"ТЗОВ ""ХМИЗИ-СЕРВIС"" М.КОСТОПIЛЬ",0.027
Чернівецька,770293,35221652,"КП ""СТОРОЖИНЕЦЬКЕ  ЖКГ2",0.171
Львівська,460789,35259622,РАЛIВСЬКЕ УПРАВЛIННЯ ЖИТЛОВО-КОМУНАЛЬНОГО ГОСПОДАРСТВА-1,0.031
Черкаська,711897,35308915,"ТОВ ЖКСШ, М. ЖАШКIВ",0.009
Житомирська,180509,35328136,"ЛЮБАРСЬКЕ КОМУНАЛЬНЕ ПIДПРИЄМСТВО ""ДОБРОБУТ""",0.039
Львівська,461074,35344068,"КП ""ВОЛЯ-ВИСОЦЬКЕ КГ ""ВИТЯЗЬ""",0.01
Тернопільська,610524,353687546,"ДП ""ДIНТЕР УКРАЇНА СКАЛА""",0.023
Донецька,141781,35397790,"ДОНЕЦЬКЕ РЕГIОНАЛЬНЕ ВИРОБНИЧЕ УПРАВЛIННЯ КП ""ВОДА ДОНБАСУ""",3.054
Донецька,141804,35397832,"МАРIУПОЛЬСЬКЕ РЕГIОНАЛЬНЕ ВИРОБНИЧЕ УПРАВЛIННЯ КП ""ВОДА ДОНБ",3.561
Донецька,142812,35397853,"РУЕК КП ""ВОДА ДОНБАСУ"", М. ГОРЛIВКА",1.9
Донецька,142230,35397869,"ДРУЖКIВСЬКЕ ВУВКГ КП ""КОМПАНIЯ ""ВОДА ДОНБАСУ"" , М.ДРУЖКIВКА",1.427
Донецька,142800,35397869,"СЛОВ'ЯНСЬКЕ РЕГIОНАЛЬНЕ ВИРОБНИЧЕ УПРАВЛIННЯ КП ""ВОДА ДОНБАС",0.018
Донецька,142807,35397900,"ЧАСОВОЯРСЬКЕ РЕГIОНАЛЬНЕ ВИРОБНИЧЕ УПРАВЛIННЯ КП ""ВОДА ДОНБА",0.422
Львівська,460939,35413749,"ТЗОВ ""ЕНЕРГIЯ -ТЕПЛОВОДСЕРВIС""",0.258
Одеська,511345,35452222,"КП ""НАБЕРЕЖНЕ""БIЛЯЇВСЬКИЙ Р-Н С.НАБЕРЕЖНЕ",0.036
Тернопільська,610118,35452861,"""КОЗОВА КОМУНСЕРВIС"", смт.КОЗОВА",0.097
Дніпропетровська,120892,35484610,"ТОВ ""МЕТIНВЕСТ - КРМЗ"", М. КРИВИЙ РIГ",0.158
Житомирська,180511,35485609,ХОРОШIВСЬКЕ ЖИТЛОВО-КОМУНАЛЬНЕ ПIДПРИЄМСТВО,0.043
Донецька,140844,35580838,"ВОЛНОВАСЬКЕ ВУВКГ КП ""ВОДА ДОНБАСУ"",М.ВОЛНОВАХА",0.973
Донецька,142653,35580885,"КП ""КОМПАНIЯ ВОДА ДАНБАСУ ""КIРОВСЬКЕ ВУВКГ",1.25
Донецька,142318,35580890,"КП ""КОМПАНIЯ ВОДА ДОНБАСУ"" ЛИМАНСЬКЕ ВУВКГ,М.ЛИМАН",0.467
Донецька,140723,35580927,"КП ""КОМПАНIЯ ВОДА ДОНБАСУ"" СЕЛIДОВСЬКИЙ ВУВКГ",1.178
Донецька,140755,35580932,"КП ""КОМПАНIЯ ВОДА ДОНБАСУ "" ТОРЕЗСЬКЕ ВУВКГ М. ТОРЕЗ",1.063
Донецька,142994,355810077,"ДЕБАЛЬЦIВСЬКЕ ВУВКГ, ЄНАКIЄВСЬКЕ ВУВКГ, М.ДЕБАЛЬЦЕВЕ",0.351
Донецька,140728,35581061,"КП ""КОМПАНIЯ ВОДА ДОНБАСУ"" ДОБРОПОЛЬСЬКЕ ВУВКГ",1.483
Донецька,144707,35581077,"КП ""КОМПАНIЯ"" ""ВОДА ДОНБАСУ"", ЄНАКIЄВСЬКЕ ВУВКГ, М.ЄНАКIЄВЕ",2.629
Донецька,140751,35581103,"КП ""КОМПАНIЯ ВОДА ДОНБАСУ"" СНIЖНЯНСЬКЕ ВУВКГ М. СНIЖНЕ",0.774
Донецька,140756,35581119,"КП ""КОМПАНIЯ ВОДА ДОНБАСУ "" ШАХТАРСЬКЕ ВУВКГ",1.06
Одеська,510717,35581810,"КП ""ОКНЯНСЬКИЙ КОМУНАЛЬНИК"" СМТ.ОКНИ",0.019
Луганська,91089,35629024,"КП ""ЖИЛБУДСЕРВIС"" М.ЩАСТЯ НОВОАЙДАРСЬКИЙ РАЙОН",0.383
Донецька,140754,35637166,"КП ""КОМПАНIЯ ВОДА ДОНБАСУ"" МВК,М.АМВРОСIЄВКА",0.079
Львівська,461014,35653701,"КП ""ДАВИДIВСЬКЕ""",0.045
Закарпатська,210818,35771408,"М.БЕРЕГОВО, ТОВ""ФРУТ МАЙСТЕР ФУДС""",0.005
Запорізька,231524,35834331,"ТОВ ""АГРОПРОIНВЕСТ 08"" ВIЛЬНЯНСЬКИЙ РАЙОН",0.003
Тернопільська,610103,35846237,"КП ""ЗБОРIВСЬКИЙ ВОДОКАНАЛ"", м.ЗБОРIВ",0.119
Донецька,142227,35887472,"КОСТЯНТИНIВСЬКЕ ВУВКГ КП ""КОМПАНIЯ ВОДА ДОНБАСУ"" М. КОСТЯНТИ",1.614
Миколаївська,480704,35916204,"КП ""ПРИБУЗЬКЕ""",0.036
Тернопільська,610183,36023766,"ТЕРЕБОВЛЯНСЬКИЙ ККП, м.ТЕРЕБОВЛЯ",0.133
Сумська,590433,36079955,"ТОВ ""ВОДОЛIЙ-БС"", СМТ.ЯМПIЛЬ",0.055
Тернопільська,610011,36084902,"КП ""ПIДГАЙЦI-ВОДОКАНАЛ"", м.ПIДГАЙЦI",0.03
Закарпатська,210163,36210111,"С.МУЖIЄВО, ТОВ""КОТНАР-М""",0.004
Рівненська,561208,36278206,"КП ""КОРЕЦЬЖИТЛОВОДОКАНАЛ"" М.КОРЕЦЬ",0.027
Тернопільська,610174,36338715,"МОНАСТИРИСЬКА ЦКР ЛIКАРНЯ, м.МОНАСТИРИСЬКА",0.002
Закарпатська,210447,36428735,"М.РАХIВ, КП""РАХIВТЕПЛО""",0.218
Харківська,631827,36555336,"КП ""ЧУГУЇВВОДА""",0.821
Вінницька,50602,36575284,"КП ""ХМIЛЬНИКВОДОКАНАЛ"" ХМIЛЬНИЦЬКОЇ МIСЬКОЇ РАДИ",0.007
Житомирська,180510,36575621,"КОМУНАЛЬНЕ ПIДПРИЄМСТВО ""ВОДОКАНАЛ"" ЄМIЛЬЧИНСЬКОЇ СЕЛ. РАДИ",0.02
Дніпропетровська,120684,36607305,"ТОВ ""КАРАЧУНIВСЬКИЙ РИБГОСП"", М. ДНIПРО",0.12
Дніпропетровська,120395,36615515,"КП ""НОВОМОСКОВСЬК ВОДОКАНАЛ""",1.931
Вінницька,50587,36708824,"КП ""IЛЛIНЦIВОДОКАНАЛ"" IЛЛIНЕЦЬКОЇ МIСЬКОЇ РАДИ",0.231
Вінницька,51126,36759156,"КП ""ТУЛЬЧИНВОДОКАНАЛ""",0.443
Полтавська,530230,36770447,"КП ""ЛУБНИ-ВОДОКАНАЛ"" ЛМР,  М. ЛУБНИ",1.02
Черкаська,711370,36783147,"КП ""ЧИГИРИН"", М.ЧИГИРИH",0.11
Київська,321489,36832644,"ТОВ ""ЧIПСИ ЛЮКС"" СТ.ПЕТРIВЦI ВИШГОРОДСЬКИЙ Р-Н",0.179
Донецька,144541,36893728,"ТОВ ""ВК ЕЛТЕКО"".М.КОСТЯНТИНIВКА",0.015
Хмельницька,680407,36922947,"КП ""КОМУНАЛЬНИК -2011""  СМТ ЯРМОЛИНЦI",0.048
Тернопільська,610407,36974707,"ДРУЖБIВСЬКИЙ ККП, смт.ДРУЖБА",0.021
Тернопільська,610058,36979181,"КП ""ВОДОКАНАЛ-СЕРВIС"", смт.ГУСЯТИН",0.078
Луганська,91521,36999957,"НАУКОВО-ВИРОБНИЧЕ ПIДПРИЄМСТВО ""ЗОРЯ"" М.РУБIЖНЕ",0.779
Харківська,631992,37083454,"КП ""ЗМIЇВ-СЕРВIС"", ЗМIЇВСЬКИЙ РАЙОН",0.194
Запорізька,232450,37129069,"ТОВ ""РОЗТОРГ НАФТА"" М. ЗАПОРIЖЖЯ",0.002
Житомирська,180661,37155848,ВАКУЛЕНЧУКIВСЬКЕ СЕЛИЩНЕ КОМУНАЛЬНЕ ПIДПРИЄМСТВО ЧУДНIВСЬКИЙ,0.093
Львівська,460029,37199618,ВЕЛИКОЛЮБIНСЬКЕ МПД №14 ДП СПИРТОВОЇ ТА ЛIКЕРО-ГОРIЛЧАНОЇ ПР,0.011
Львівська,460124,37199618,РАВА-РУСЬКА МПД № 11 ДП СПИРТОВОЇ ТА ЛIКЕРО-ГОРIЛЧАНОЇ ПРОМИ,0.252
Житомирська,180683,37260273,"КОМУНАЛЬНЕ ПIДПРИЄМСТВО ""ДЖЕРЕЛО"" IГНАТПIЛЬСЬКОЇ СIЛЬСЬКОЇ Р",0.012
Миколаївська,480678,37307321,"КП ""ОЛЬШАНСЬКЕ""",0.124
Донецька,144023,37339327,"ПАО ""ЦОФ ""РОССIЯ"",ПОКРОВСЬКИЙ  Р-Н",0.031
Рівненська,561323,37344625,"КП ""КОМУНАЛЬНИК"" М.РАДИВИЛIВ",0.098
Харківська,631929,37346355,"КП ""ТЕПЛОВОДСЕРВIС"", ЛОЗIВСЬКИЙ Р-Н",0.09
Чернігівська,741490,37348216,"КП ""ВОДА"" КОРОПСЬКОЇ СЕЛИЩНОЇ РАДИ СМТ. КОРОП",0.016
Запорізька,232237,37391099,"ТОВ ""АКИМЖИЛСЕРВIС"" СМТ.ЯКИМIВКА",0.074
Тернопільська,610074,37399681,"ПП ""КОМУНАЛЬНИК-ПЛЮС"", м.ЗАЛIЩИКИ",0.082
Хмельницька,680644,37399978,"КОМУН. ПIДПР. ""ЛОЗОВЕ КОМУНСЕРВIС""  СМТ  ЛОЗОВЕ ДЕРАЖНЯНСЬКО",0.015
Чернігівська,741741,37444779,"КП ""КУЛИКIВСЬКЕ ВУЖКГ"" СМТ. КУЛИКIВКА",0.027
Дніпропетровська,121142,37490818,"КП ""СОЛОНЯНСЬКЕ ЖКУ"", СОЛОНЯНСЬКИЙ Р-Н",0.057
Закарпатська,210201,37520283,"С.БАКТА, КП""ЖКО ГРАНД""",0.022
Тернопільська,610416,37601414,"КП ""ДОБРОБУТ"", смт.В.БIРКИ",0.017
Хмельницька,680387,37614355,"КП ""ВIНЬКОВЕЦЬКИЙ КОМУНАЛЬНИК"" СМТ ВIНЬКIВЦI",0.033
Запорізька,231677,37622628,"КП ""БЕРДЯНСЬКВОДОКАНАЛ"" БМР М.БЕРДЯНСЬК",5.352
Хмельницька,680738,37625110,"КП""ДОБРОБУТ ПЛЮС"" СМТ.ЯМПIЛЬ БIЛОГIСЬКОГО Р-Н",0.005
Запорізька,230318,37692873,"КП ""ВОДОКАНАЛ""  К-ДНIПРОВСЬКОЇ РР",0.065
Донецька,144506,37696092,"ТОВ ""ГIРНИЧI МАШИНИ - ""ДРУЖКIВСЬКИЙ МАШИНОБУДIВНИЙ ЗАВОД""",0.002
Житомирська,180897,37752790,"МКП ""БЕРДИЧIВКОМУНСЕРВIС""",0.004
Житомирська,180701,37774809,"КОМУНАЛЬНЕ ПIДПРИЄМСТВО ""ВОДОКАНАЛ"" ПЕРШОТРАВНЕВОЇ СЕЛ. РАДИ",0.027
Одеська,512014,37801659,"КП ""ПРОЛIСОК-1"" СМТ IВАНIВКА",0.01
Київська,320306,37917723,"КП УЗИНСЬКОЇ МIСЬКОЇ РАДИ ""УЗИНВОДОКАНАЛ"" М.УЗИН",0.196
Харківська,631931,37948510,"КП ""БУДИ ВОДОКАНАЛ"", ХАРКIВСЬКИЙ Р-Н",0.075
Вінницька,51544,37965489,"ВФТОВ ""ЯБЛУНЕВИЙ ДАР"" М. ЛИПОВЕЦЬ",0.006
Одеська,511934,38052495,"КП ""САРАТА КОМУНСЕРВIС"" СМТ САРАТА",0.047
Рівненська,561389,38059239,"КП ""ДОБРОБУТ"" СМТ.ЗАРIЧНЕ",0.035
Донецька,144027,38221036,"МАКIЇВСЬКЕ ВУВКГ КП ""КОМПАНIЯ ""ВОДА  ДОНБАСУ""",9.15
Донецька,144315,38413516,"КП ""ЗЛАТОУСТIВСЬКЕ"" ЗЛАТОУСТIВСЬКОЇ СIЛЬСЬК.РАДИ, ВОЛНОВАСЬК",0.01
Вінницька,50595,38460241,"ДП ""ПIЩАНКАВОДОКАНАЛ"" КП ""ВIННИЦЯОБЛВОДОКАНАЛ""",0.025
Івано-Франківська,260907,38685825,"КП ""СIЛЬСЬКИЙ ВОДНИК"" С. ТУРКА  КОЛОМИЙСЬКИЙ Р-Н",0.005
Луганська,91638,38817874,"ВП ""ПОПАСНЯНСЬКИЙ ДЕПАРТАМЕНТ"" КП ""ПОПАСНЯНСЬКИЙ РАЙОННИЙ ВО",0.218
Закарпатська,210455,38856617,"СМТ.СОЛОТВИНО, КП""ВОДИ СОЛОТВИНА""",0.062
Запорізька,230068,38983006,"ТОВ  ""ЗАПОРIЗЬКИЙ ТИТАНО-МАГНIЄВИЙ КОМБIНАТ"" М. ЗАПОРIЖЖЯ",0.592
Чернівецька,770521,39100130,"ТОВ ""РОДНИЧОК-1"", НОВОСЕЛИЦЬКИЙ Р-Н, С.БОЯНИ",0.002
Івано-Франківська,260923,39131614,"КП ""ЕКОПОБУТСЕРВIС"" ВОЙНИЛIВСЬКОЇ С.Р. СМТ. ВОЙНИЛIВ КАЛУСЬК",0.007
Харківська,632120,39205649,"ТОВ ""ПРОСТОРИ СЛОБОЖАНЩИНИ"".М.ХАРКIВ",0.263
Херсонська,652700,39262639,"ККУП ""ДЖЕРЕЛО"",КАЛАНЧАЦЬКИЙ РАЙОН,СМТ.КАЛАНЧАК",0.045
Хмельницька,680207,39323502,"ТОВ ""ДIАДА-Д""  (МАСЛОЗАВОД) СМТ.НОВА УШИЦЯ",0.009
Запорізька,230119,39376884,"ТОВ  ""МЕЛIТОПОЛЬСЬКИЙ ОЛIЙНОЕКСТРАЦIЙНИЙ ЗАВОД"" М. МЕЛIТОПОЛ",0.043
Харківська,632068,39402730,"КП ""КОМУНЕНЕРГО"", ХАРКIВСЬКИЙ  Р-Н",0.034
Полтавська,531035,39418096,"ТОВ ""ОРЖИЦЬКИЙ МОЛОКОЗАВОД"", С.ЗАРIГ ОРЖИЦЬКИЙ РАЙОН",0.029
Львівська,460991,39420875,"МППАС ""ШЕГИНI"" ЛЬВIВСЬКОЇ МИТНИЦI ДФС УКРАЇНИ",0.013
Львівська,461006,39420875,"МППАС ""КРАКIВЕЦЬ"" ЛЬВIВСЬКОЇ МИТНИЦI ДФС УКРАЇНИ",0.019
Луганська,91620,39459310,"МКП ""СВАТIВСЬКИЙ ВОДОКАНАЛ"" М. СВАТОВЕ",0.227
Сумська,590234,39580318,"ТОВ ""БУРИНСЬКИЙ МОЛОКОЗАВОД"", М. БУРИНЬ",0.055
Одеська,512023,39713334,"КП""ЛИМАНКОМУНСЕРВIС"" СМТ ЛИМАНСЬКЕ РОЗДIЛЬНЯНСЬКИЙ Р-Н",0.006
Луганська,91622,39816143,"РАЙОННЕ КОМУНАЛЬНЕ ПIДПРИЄМСТВО ""СТАРОБIЛЬСЬКВОДА""  М. СТАРО",0.26
Луганська,91624,39816143,"РАЙОННЕ КОМУНАЛЬНЕ ПIДПРИЄМСТВО ""СТАРОБIЛЬСЬКВОДА""  СМТ. НОВ",0.078
Луганська,91625,39816143,"РАЙОННЕ КОМУНАЛЬНЕ ПIДПРИЄМСТВО ""СТАРОБIЛЬСЬКВОДА"" СМТ. БIЛО",0.052
Луганська,91639,39837961,"ВП ""СВIТЛIЧАНСЬКИЙ ДЕПАРТАМЕНТ"" КП ""ПОПАСНЯНСЬКИЙ РАЙОННИЙ В",0.007
Запорізька,232348,39972828,"КП ""ОРIХIВСЬКИЙ ВОДОКАНАЛ"" ОМР ОРIХIВСЬКИЙ РАЙОН",0.143
Хмельницька,680773,40081221,"ВИРОБ.ПIДРОЗДIЛ ""ЛIНIЙНА ЛIКАРНЯ"" С.КЛУМБIВКА IЗЯСЛВСЬКОГО Р",0.003
Запорізька,230041,40081237,"СП "" ПАСАЖИРСЬКЕ ВАГОННЕ ДЕПО ЗАПОРIЖЖЯ-1"" М.ЗАПОРIЖЖЯ",0.003
Харківська,632104,40306197,"КП ""САЛТIВВОДОКАНАЛ"", ВОВЧАНСЬКИЙ Р-Н",0.015
Миколаївська,480346,40341163,"МКП ""ОЧАКIВВОДОКАНАЛ""",0.223
Харківська,632098,40574323,"КП ""ВОДА ЕСХАРА"", ЧУГУЇВСЬКИЙ Р-Н",0.188
Донецька,144552,40760817,"КП""ВОДОКАНАЛ"" ВУГЛЕДАРСЬКОЇ МIСЬК5ОЇ РАДИ",0.634
Хмельницька,680399,40946445,"КП ""ПОЛОННЕ ТЕПЛОВОДОПОСТАЧАННЯ""  М. ПОЛОННЕ",0.102
Вінницька,51639,41095649,"КП ""ЖМЕРИНКАВОДОКАНАЛ""",0.192
Запорізька,232529,41107067,"ТОВ ""ПIВДЕНЬ-АГРОIНВЕСТ"" ТОКМАЦЬКИЙ Р-Н",0.344
Чернівецька,770514,41122111,"ТОВ ""БУКОВИНСЬКА Ф-КА, ГКД ""ЛАМЕЛЬ"", СТОРОЖИНЕЦЬКИЙ Р-Н, СМТ",0.01
Дніпропетровська,120046,41149437,ТУ БМЕС 1 М. ДНIПРО,0.292
Запорізька,230048,41149437,"ВП""ЗАП.ТЕР.УПРАВЛIННЯ""Ї ФIЛIЇ ""ЦЕНТР БМР ТА ЕКСПЛ..БУД""  ПАТ",0.044
Львівська,460650,41149437,"ВП ""ЛЬВIВ.ТЕР.УПР."" ФIЛIЯ ""ЦБМР БС"" ПАТ ""УКРАЇНСЬКА ЗАЛIЗ.""",0.052
Львівська,460653,41149437,"ВП ""ЛЬВIВ.ТЕР.УПР."" ФIЛIЯ ""ЦБМР БС"" ПАТ ""УКРАЇНСЬКА ЗАЛIЗ.""",0.004
Львівська,460663,41149437,"ВП ""ЛЬВIВ.ТЕР.УПР."" ФIЛIЯ ""ЦБМР БС"" ПАТ ""УКРАЇНСЬКА ЗАЛIЗ.""",0.023
Харківська,632143,41149437,"ВП ""СУМСЬКЕ ТЕРИТОРIАОЬНЕ УПРАВЛIННЯ "" ФIЛIЇ ""БМЕС"" ПАТ ""УКР",0.002
Полтавська,530227,41289754,"КОМУНАЛЬНЕ ПIДПРИЄМСТВО ""ГЛОБИНСЬКЕ"" ГМР, М. ГЛОБИНЕ",0.009
Харківська,632145,41390693,"КП ""АКВА"" ШЕВЧЕНКIВСЬКОЇ СIЛЬРАДИ,",0.059
Івано-Франківська,260392,41402290,"ТОВ ""ПОЛIСМОЛИ"" С-ЩЕ ВИГОДА ДОЛИНСЬКИЙ Р-Н",0.007
Харківська,632141,41405835,"КП ""ТЕПЛОВI МЕРЕЖI РОГАНСЬКОЇ СЕЛЬРАДИ"", ХАРКIВСЬКИЙ Р-Н",0.293
Харківська,632150,41615585,"КП ПЯТИГIРСЬКОЇ СIЛЬСЬКОЇ РАДИ, БАЛАКЛIЙСЬКИЙ Р-Н",0.17
Львівська,460967,41909729,"КП ""ЗАПИТIВ"", СМТ. ЗАПИТIВ",0.009
Миколаївська,480886,42560752,"КП ОМР ""ОЧАКIВ-СЕРВIС""",0.019
Дніпропетровська,120601,,"ВП "" ЕРАСТIВСЬКИЙ КАРЄР"",  П'ЯТИХАТСЬКИЙ Р-Н",0.013
Одеська,510823,,СГП КIЛIЙСЬКОГО Р-НУ,1.666